2,137,SNP_A-1820282,24049
2,138,SNP_A-2056638,43652
2,139,SNP_A-1792446,49698
2,140,SNP_A-2063286,64387
2,141,SNP_A-2260913,76644
2,142,SNP_A-2288437,91514
2,143,SNP_A-1961781,102496
2,144,SNP_A-2159770,105035
2,145,SNP_A-2129145,119028
2,146,SNP_A-1848135,120357
2,147,SNP_A-2264075,120618
2,148,SNP_A-4252655,121627
2,149,SNP_A-1941001,121700
2,150,SNP_A-1826004,121788
2,151,SNP_A-2040670,124249
2,152,SNP_A-1932089,129574
2,153,SNP_A-1937982,129743
2,154,SNP_A-1961782,141464
2,155,SNP_A-1961783,155674
2,156,SNP_A-4261591,160576
2,157,SNP_A-1961784,160616
2,158,SNP_A-4268942,165844
2,159,SNP_A-1961785,166395
2,160,SNP_A-4235890,168356
2,161,SNP_A-1933032,179800
2,162,SNP_A-1961786,179818
2,163,SNP_A-1961787,179972
2,164,SNP_A-2244465,186973
2,165,SNP_A-4285130,192993
2,166,SNP_A-2172921,196636
2,167,SNP_A-2289121,196704
2,168,SNP_A-1842012,200076
2,169,SNP_A-1961789,214086
2,170,SNP_A-1961790,214192
2,171,SNP_A-2178141,217066
2,172,SNP_A-4245077,217201
2,173,SNP_A-2051935,220442
2,174,SNP_A-4229437,222343
2,175,SNP_A-2006077,224130
2,176,SNP_A-1961791,230630
2,177,SNP_A-1961792,230785
2,178,SNP_A-1883412,239092
2,179,SNP_A-2274832,241673
2,180,SNP_A-1866657,242197
2,181,SNP_A-2006078,249296
2,182,SNP_A-1941252,250677
2,183,SNP_A-2106588,253270
2,184,SNP_A-2050343,255970
2,185,SNP_A-4303637,263070
2,186,SNP_A-4272180,268752
2,187,SNP_A-2144024,270819
2,188,SNP_A-1961794,272462
2,189,SNP_A-1961795,272736
2,190,SNP_A-4292077,273794
2,191,SNP_A-2263219,285255
2,192,SNP_A-1881607,286852
2,193,SNP_A-1789082,295803
2,194,SNP_A-1926839,301415
2,195,SNP_A-2210871,302992
2,196,SNP_A-2027023,306842
2,197,SNP_A-4258098,343127
2,198,SNP_A-1812860,344241
2,199,SNP_A-1949703,345504
2,200,SNP_A-2045664,345800
2,201,SNP_A-2115363,357565
2,202,SNP_A-2119797,406815
2,203,SNP_A-2026692,412089
2,204,SNP_A-2243411,423274
2,205,SNP_A-4301399,435185
2,206,SNP_A-4226530,435636
2,207,SNP_A-2223619,436698
2,208,SNP_A-1921017,436942
2,209,SNP_A-2234969,439787
2,210,SNP_A-1870627,443432
2,211,SNP_A-4207811,444860
2,212,SNP_A-2171074,447320
2,213,SNP_A-2265764,496456
2,214,SNP_A-2280764,499122
2,215,SNP_A-4230837,506565
2,216,SNP_A-1867181,512617
2,217,SNP_A-1888570,512921
2,218,SNP_A-2095532,514173
2,219,SNP_A-2134679,528450
2,220,SNP_A-2061542,538121
2,221,SNP_A-1793028,539873
2,222,SNP_A-1920688,539926
2,223,SNP_A-2176098,540338
2,224,SNP_A-1885897,543264
2,225,SNP_A-1959764,546088
2,226,SNP_A-4280791,547205
2,227,SNP_A-1843572,547322
2,228,SNP_A-1882354,547590
2,229,SNP_A-2164721,553936
2,230,SNP_A-2236244,554079
2,231,SNP_A-1905377,556419
2,232,SNP_A-2070529,558100
2,233,SNP_A-2256603,558464
2,234,SNP_A-1947396,574523
2,235,SNP_A-2220543,578726
2,236,SNP_A-1893501,579743
2,237,SNP_A-2233835,580023
2,238,SNP_A-4192826,583554
2,239,SNP_A-4225534,583990
2,240,SNP_A-2121731,585125
2,241,SNP_A-4234588,590575
2,242,SNP_A-2218112,592292
2,243,SNP_A-2251214,593157
2,244,SNP_A-1944961,597049
2,245,SNP_A-1874328,597107
2,246,SNP_A-1910530,599326
2,247,SNP_A-1931895,604031
2,248,SNP_A-2082481,604168
2,249,SNP_A-1892323,609754
2,250,SNP_A-2112836,612531
2,251,SNP_A-2060160,613259
2,252,SNP_A-2068460,613470
2,253,SNP_A-2109404,613588
2,254,SNP_A-1900461,613798
2,255,SNP_A-2219655,613935
2,256,SNP_A-2116751,613976
2,257,SNP_A-4249510,614034
2,258,SNP_A-2068781,614524
2,259,SNP_A-2166533,614581
2,260,SNP_A-1891368,614678
2,261,SNP_A-4239778,621528
2,262,SNP_A-2166790,622028
2,263,SNP_A-4204775,622116
2,264,SNP_A-2258300,622146
2,265,SNP_A-4219443,622550
2,266,SNP_A-4280597,624905
2,267,SNP_A-2029877,625721
2,268,SNP_A-4199578,627597
2,269,SNP_A-1947773,628190
2,270,SNP_A-4205113,633303
2,271,SNP_A-4205977,633587
2,272,SNP_A-1929043,636145
2,273,SNP_A-4206669,636364
2,274,SNP_A-1868306,640647
2,275,SNP_A-2085881,640828
2,276,SNP_A-4290171,641030
2,277,SNP_A-2224644,641105
2,278,SNP_A-2110039,641407
2,279,SNP_A-4302932,641599
2,280,SNP_A-2264697,649443
2,281,SNP_A-1948915,649958
2,282,SNP_A-1921344,654719
2,283,SNP_A-1867334,658618
2,284,SNP_A-2086059,671521
2,285,SNP_A-1961797,695636
2,286,SNP_A-2297725,696400
2,287,SNP_A-2243844,716030
2,288,SNP_A-2155614,737060
2,289,SNP_A-1887537,749749
2,290,SNP_A-2300073,753411
2,291,SNP_A-2188524,756217
2,292,SNP_A-4301381,762650
2,293,SNP_A-4301462,762834
2,294,SNP_A-4234350,766690
2,295,SNP_A-1908254,778673
2,296,SNP_A-4233330,778807
2,297,SNP_A-2073326,786058
2,298,SNP_A-2274137,786514
2,299,SNP_A-2195451,801275
2,300,SNP_A-2137241,813937
2,301,SNP_A-2097006,814614
2,302,SNP_A-4275259,815247
2,303,SNP_A-2145733,815276
2,304,SNP_A-2245231,820765
2,305,SNP_A-2086071,827100
2,306,SNP_A-1909369,829556
2,307,SNP_A-4251989,836164
2,308,SNP_A-2216082,848062
2,309,SNP_A-2029147,848168
2,310,SNP_A-1797652,850829
2,311,SNP_A-1915036,850881
2,312,SNP_A-4268945,858753
2,313,SNP_A-2006081,859616
2,314,SNP_A-2288844,870072
2,315,SNP_A-4220773,877936
2,316,SNP_A-2074804,878100
2,317,SNP_A-1847428,889069
2,318,SNP_A-2069302,901098
2,319,SNP_A-4226179,908533
2,320,SNP_A-1961602,909085
2,321,SNP_A-4278968,909766
2,322,SNP_A-2069385,910146
2,323,SNP_A-2306841,912072
2,324,SNP_A-2277824,912174
2,325,SNP_A-4268946,912540
2,326,SNP_A-4268947,912555
2,327,SNP_A-2083160,926687
2,328,SNP_A-2097409,931020
2,329,SNP_A-2111658,933250
2,330,SNP_A-4236206,940291
2,331,SNP_A-4239005,940475
2,332,SNP_A-1933313,959866
2,333,SNP_A-2216801,960417
2,334,SNP_A-2311414,963109
2,335,SNP_A-1836018,994430
2,336,SNP_A-2270500,1001241
2,337,SNP_A-2090368,1001267
2,338,SNP_A-4222619,1001582
2,339,SNP_A-1829617,1010690
2,340,SNP_A-2260450,1010741
2,341,SNP_A-2087125,1015239
2,342,SNP_A-2223093,1015268
2,343,SNP_A-2144725,1015583
2,344,SNP_A-1832020,1017081
2,345,SNP_A-4227561,1018034
2,346,SNP_A-2105491,1023547
2,347,SNP_A-2209301,1023756
2,348,SNP_A-2230783,1038118
2,349,SNP_A-2195554,1038359
2,350,SNP_A-2006082,1049025
2,351,SNP_A-2006083,1054808
2,352,SNP_A-1944225,1061191
2,353,SNP_A-4295353,1066968
2,354,SNP_A-2142303,1067047
2,355,SNP_A-1820676,1067718
2,356,SNP_A-2290745,1081421
2,357,SNP_A-1815190,1081787
2,358,SNP_A-4298161,1091472
2,359,SNP_A-2289655,1111378
2,360,SNP_A-1929370,1118570
2,361,SNP_A-1891947,1136828
2,362,SNP_A-1904096,1137224
2,363,SNP_A-1806290,1138426
2,364,SNP_A-2054559,1140095
2,365,SNP_A-4204415,1154595
2,366,SNP_A-2149451,1173846
2,367,SNP_A-2161130,1192982
2,368,SNP_A-2139794,1196464
2,369,SNP_A-1922857,1206395
2,370,SNP_A-2304388,1213866
2,371,SNP_A-2207917,1257125
2,372,SNP_A-2192909,1258021
2,373,SNP_A-2122220,1272267
2,374,SNP_A-2058397,1280574
2,375,SNP_A-2257365,1283062
2,376,SNP_A-2120688,1288963
2,377,SNP_A-1955409,1293787
2,378,SNP_A-2090640,1296349
2,379,SNP_A-2171243,1296745
2,380,SNP_A-1872631,1297974
2,381,SNP_A-2213123,1334403
2,382,SNP_A-2242646,1343668
2,383,SNP_A-1886758,1343801
2,384,SNP_A-1933792,1346042
2,385,SNP_A-2272470,1349050
2,386,SNP_A-2150845,1349720
2,387,SNP_A-4241912,1355028
2,388,SNP_A-2110760,1358502
2,389,SNP_A-2204847,1362244
2,390,SNP_A-2271333,1372114
2,391,SNP_A-2202564,1376818
2,392,SNP_A-2309122,1379574
2,393,SNP_A-2245485,1380454
2,394,SNP_A-1915999,1384856
2,395,SNP_A-1800047,1386822
2,396,SNP_A-2169901,1391588
2,397,SNP_A-2055652,1393966
2,398,SNP_A-2223981,1396206
2,399,SNP_A-1875922,1396251
2,400,SNP_A-1871068,1399356
2,401,SNP_A-2105957,1411021
2,402,SNP_A-2099969,1411205
2,403,SNP_A-1785191,1411503
2,404,SNP_A-4199917,1411606
2,405,SNP_A-1934130,1415919
2,406,SNP_A-1927059,1416170
2,407,SNP_A-2037751,1423237
2,408,SNP_A-1801451,1430704
2,409,SNP_A-1961800,1437008
2,410,SNP_A-2174585,1437247
2,411,SNP_A-1857314,1437308
2,412,SNP_A-4288668,1437868
2,413,SNP_A-1844334,1439147
2,414,SNP_A-4277552,1442419
2,415,SNP_A-2301259,1443268
2,416,SNP_A-2287688,1452873
2,417,SNP_A-2113638,1453138
2,418,SNP_A-2213103,1484084
2,419,SNP_A-1869352,1536934
2,420,SNP_A-1804935,1544562
2,421,SNP_A-2203168,1553883
2,422,SNP_A-4219491,1559511
2,423,SNP_A-2083636,1599324
2,424,SNP_A-4202481,1600683
2,425,SNP_A-2106154,1604276
2,426,SNP_A-2132929,1605399
2,427,SNP_A-1961839,1618945
2,428,SNP_A-1961838,1619177
2,429,SNP_A-2120885,1622215
2,430,SNP_A-2231264,1627839
2,431,SNP_A-4218408,1628932
2,432,SNP_A-2070749,1631829
2,433,SNP_A-2164403,1646274
2,434,SNP_A-2036614,1674040
2,435,SNP_A-4231010,1677037
2,436,SNP_A-1922705,1677785
2,437,SNP_A-2148309,1690631
2,438,SNP_A-4297345,1713968
2,439,SNP_A-2186939,1721708
2,440,SNP_A-1904440,1721959
2,441,SNP_A-4284440,1725147
2,442,SNP_A-1961837,1733939
2,443,SNP_A-1783152,1756157
2,444,SNP_A-2080898,1781929
2,445,SNP_A-2281040,1785886
2,446,SNP_A-2041871,1800301
2,447,SNP_A-2139700,1821781
2,448,SNP_A-2006091,1834574
2,449,SNP_A-4214551,1834724
2,450,SNP_A-4214550,1835426
2,451,SNP_A-2309951,1841442
2,452,SNP_A-2160589,1841469
2,453,SNP_A-1864237,1842012
2,454,SNP_A-2236381,1854799
2,455,SNP_A-4229850,1857686
2,456,SNP_A-2076101,1858285
2,457,SNP_A-1862742,1863076
2,458,SNP_A-2170687,1898703
2,459,SNP_A-2289321,1898854
2,460,SNP_A-2189958,1903673
2,461,SNP_A-2076203,1903953
2,462,SNP_A-2255953,1905000
2,463,SNP_A-2310794,1905624
2,464,SNP_A-1906833,1907774
2,465,SNP_A-1881712,1915120
2,466,SNP_A-4290504,1927956
2,467,SNP_A-1912683,1930089
2,468,SNP_A-2130286,1931091
2,469,SNP_A-1860213,1936483
2,470,SNP_A-2245026,1942278
2,471,SNP_A-2267656,1943913
2,472,SNP_A-1961836,1963660
2,473,SNP_A-2232185,1964255
2,474,SNP_A-2102039,1968296
2,475,SNP_A-4235663,1970568
2,476,SNP_A-1840588,1971631
2,477,SNP_A-1813987,1971946
2,478,SNP_A-1961835,1972031
2,479,SNP_A-1884143,1993140
2,480,SNP_A-4261620,2009321
2,481,SNP_A-1961833,2011200
2,482,SNP_A-4232215,2019642
2,483,SNP_A-1796220,2022356
2,484,SNP_A-2076553,2035226
2,485,SNP_A-1961832,2068126
2,486,SNP_A-4261448,2083131
2,487,SNP_A-2294578,2106868
2,488,SNP_A-2142098,2108078
2,489,SNP_A-2078663,2114316
2,490,SNP_A-1917336,2117172
2,491,SNP_A-4236087,2139817
2,492,SNP_A-2051502,2142083
2,493,SNP_A-2070221,2148261
2,494,SNP_A-1790210,2152335
2,495,SNP_A-4240767,2154578
2,496,SNP_A-1892223,2156934
2,497,SNP_A-4271249,2161461
2,498,SNP_A-1915463,2162754
2,499,SNP_A-1823858,2171323
2,500,SNP_A-1864341,2183870
2,501,SNP_A-1961830,2195375
2,502,SNP_A-1961829,2198219
2,503,SNP_A-1961828,2204151
2,504,SNP_A-1961827,2210473
2,505,SNP_A-1884517,2213121
2,506,SNP_A-2279836,2217643
2,507,SNP_A-2282825,2220351
2,508,SNP_A-1802265,2221870
2,509,SNP_A-1860164,2227534
2,510,SNP_A-1801409,2229376
2,511,SNP_A-2250475,2229433
2,512,SNP_A-4233629,2229793
2,513,SNP_A-4261617,2235820
2,514,SNP_A-1961826,2236731
2,515,SNP_A-1961825,2236864
2,516,SNP_A-1961824,2236908
2,517,SNP_A-1940970,2247771
2,518,SNP_A-2051851,2252102
2,519,SNP_A-2058977,2260729
2,520,SNP_A-1961823,2263090
2,521,SNP_A-1961822,2264312
2,522,SNP_A-2198548,2269413
2,523,SNP_A-2220467,2286611
2,524,SNP_A-2314353,2294004
2,525,SNP_A-2269931,2294028
2,526,SNP_A-2276364,2294276
2,527,SNP_A-2247123,2294808
2,528,SNP_A-2287494,2298523
2,529,SNP_A-2226600,2300622
2,530,SNP_A-1864369,2301147
2,531,SNP_A-1961821,2306913
2,532,SNP_A-2159490,2316147
2,533,SNP_A-2050038,2324799
2,534,SNP_A-1802931,2335604
2,535,SNP_A-1908945,2335693
2,536,SNP_A-4221064,2336652
2,537,SNP_A-1930294,2342059
2,538,SNP_A-4261616,2349365
2,539,SNP_A-4234550,2351175
2,540,SNP_A-4207822,2351188
2,541,SNP_A-2148051,2353386
2,542,SNP_A-2039207,2360304
2,543,SNP_A-2293499,2369581
2,544,SNP_A-2130685,2369626
2,545,SNP_A-1937110,2374645
2,546,SNP_A-1874963,2375427
2,547,SNP_A-2048359,2382597
2,548,SNP_A-4261614,2389548
2,549,SNP_A-2146148,2393668
2,550,SNP_A-1921580,2407079
2,551,SNP_A-1842250,2410626
2,552,SNP_A-2068600,2410748
2,553,SNP_A-2070051,2410944
2,554,SNP_A-2137563,2416081
2,555,SNP_A-2194248,2420158
2,556,SNP_A-2243995,2426972
2,557,SNP_A-1880427,2427095
2,558,SNP_A-2244051,2428778
2,559,SNP_A-1961818,2434319
2,560,SNP_A-2073799,2436358
2,561,SNP_A-1958974,2441676
2,562,SNP_A-1944120,2443758
2,563,SNP_A-1876161,2447157
2,564,SNP_A-1938568,2447651
2,565,SNP_A-2269548,2451615
2,566,SNP_A-2157864,2452173
2,567,SNP_A-2035599,2453301
2,568,SNP_A-1818851,2456551
2,569,SNP_A-4141832,2456577
2,570,SNP_A-1961817,2456650
2,571,SNP_A-1910610,2458829
2,572,SNP_A-1824999,2465693
2,573,SNP_A-2232024,2473921
2,574,SNP_A-1821710,2474739
2,575,SNP_A-4292396,2499743
2,576,SNP_A-1843476,2501596
2,577,SNP_A-2282951,2504051
2,578,SNP_A-2127486,2508216
2,579,SNP_A-2294386,2508847
2,580,SNP_A-4207820,2511166
2,581,SNP_A-2215755,2512495
2,582,SNP_A-4250769,2514236
2,583,SNP_A-2208229,2514335
2,584,SNP_A-4218891,2515623
2,585,SNP_A-4201219,2516811
2,586,SNP_A-2035737,2517142
2,587,SNP_A-2229352,2520448
2,588,SNP_A-2051534,2520880
2,589,SNP_A-2238439,2529251
2,590,SNP_A-2277648,2529320
2,591,SNP_A-2118948,2535846
2,592,SNP_A-1961813,2538344
2,593,SNP_A-1822208,2541501
2,594,SNP_A-2281758,2542973
2,595,SNP_A-4294664,2543429
2,596,SNP_A-1789598,2543556
2,597,SNP_A-2165182,2543999
2,598,SNP_A-1961812,2562219
2,599,SNP_A-2179346,2562524
2,600,SNP_A-1812068,2562822
2,601,SNP_A-1961811,2565705
2,602,SNP_A-2006089,2568467
2,603,SNP_A-1781214,2571150
2,604,SNP_A-1849738,2577188
2,605,SNP_A-2034001,2583817
2,606,SNP_A-4220489,2584807
2,607,SNP_A-4207819,2585837
2,608,SNP_A-2071071,2585989
2,609,SNP_A-4299521,2586723
2,610,SNP_A-1782143,2587358
2,611,SNP_A-4260650,2587423
2,612,SNP_A-2287158,2587473
2,613,SNP_A-2285222,2587589
2,614,SNP_A-4220871,2587709
2,615,SNP_A-4218521,2589527
2,616,SNP_A-2251224,2589785
2,617,SNP_A-1826514,2591159
2,618,SNP_A-2046126,2592967
2,619,SNP_A-2171494,2593005
2,620,SNP_A-1950282,2593104
2,621,SNP_A-2104801,2593181
2,622,SNP_A-2235738,2597164
2,623,SNP_A-1888545,2597245
2,624,SNP_A-2227329,2605807
2,625,SNP_A-1898136,2606258
2,626,SNP_A-1961810,2611035
2,627,SNP_A-4298124,2619872
2,628,SNP_A-4258232,2620906
2,629,SNP_A-2272522,2622232
2,630,SNP_A-2281093,2623573
2,631,SNP_A-4194490,2623865
2,632,SNP_A-4276132,2625597
2,633,SNP_A-2255478,2626523
2,634,SNP_A-4198880,2629138
2,635,SNP_A-1961809,2633441
2,636,SNP_A-4261608,2633549
2,637,SNP_A-1961807,2633738
2,638,SNP_A-2068528,2645780
2,639,SNP_A-2247407,2649185
2,640,SNP_A-1806421,2656845
2,641,SNP_A-4258285,2657145
2,642,SNP_A-2111052,2683815
2,643,SNP_A-1961806,2686842
2,644,SNP_A-2059597,2688653
2,645,SNP_A-2021336,2691113
2,646,SNP_A-1901233,2691627
2,647,SNP_A-2305640,2691950
2,648,SNP_A-2272805,2693315
2,649,SNP_A-2103761,2701269
2,650,SNP_A-2124725,2701302
2,651,SNP_A-2109368,2713677
2,652,SNP_A-2177761,2715370
2,653,SNP_A-4281977,2720296
2,654,SNP_A-2308710,2720453
2,655,SNP_A-2113474,2721636
2,656,SNP_A-2145280,2721755
2,657,SNP_A-1829466,2729102
2,658,SNP_A-2194744,2730845
2,659,SNP_A-2262563,2740330
2,660,SNP_A-4301643,2743208
2,661,SNP_A-1851316,2743562
2,662,SNP_A-1814812,2748059
2,663,SNP_A-2254308,2748882
2,664,SNP_A-1828409,2753899
2,665,SNP_A-4273217,2754312
2,666,SNP_A-2186222,2754702
2,667,SNP_A-2310302,2774213
2,668,SNP_A-4271158,2778620
2,669,SNP_A-1934798,2806283
2,670,SNP_A-1802356,2806352
2,671,SNP_A-2217903,2812038
2,672,SNP_A-2218619,2812161
2,673,SNP_A-1863544,2817277
2,674,SNP_A-2248144,2818601
2,675,SNP_A-1804070,2828174
2,676,SNP_A-2072088,2837805
2,677,SNP_A-4206293,2838565
2,678,SNP_A-4231143,2838580
2,679,SNP_A-1866273,2838644
2,680,SNP_A-2150851,2845482
2,681,SNP_A-2221493,2845870
2,682,SNP_A-1944900,2849657
2,683,SNP_A-2165888,2850312
2,684,SNP_A-2193461,2851635
2,685,SNP_A-4296972,2851869
2,686,SNP_A-4254604,2851881
2,687,SNP_A-4201886,2852936
2,688,SNP_A-2295487,2853024
2,689,SNP_A-1902795,2853121
2,690,SNP_A-1898004,2853138
2,691,SNP_A-1784967,2853658
2,692,SNP_A-4261605,2854391
2,693,SNP_A-2278223,2855256
2,694,SNP_A-1909793,2855429
2,695,SNP_A-1934116,2856552
2,696,SNP_A-1784971,2856956
2,697,SNP_A-4261604,2858485
2,698,SNP_A-2242839,2874171
2,699,SNP_A-2291343,2874200
2,700,SNP_A-2117440,2876895
2,701,SNP_A-2059378,2878185
2,702,SNP_A-2072267,2880016
2,703,SNP_A-2267017,2885615
2,704,SNP_A-2119912,2891312
2,705,SNP_A-1871635,2893299
2,706,SNP_A-2162850,2901833
2,707,SNP_A-2269491,2908588
2,708,SNP_A-2138128,2908815
2,709,SNP_A-2182241,2913362
2,710,SNP_A-2242834,2914159
2,711,SNP_A-2213120,2919128
2,712,SNP_A-4292497,2921383
2,713,SNP_A-4290602,2921903
2,714,SNP_A-4254327,2924462
2,715,SNP_A-1868742,2925053
2,716,SNP_A-4235588,2930794
2,717,SNP_A-2006087,2931259
2,718,SNP_A-2030360,2936211
2,719,SNP_A-1854291,2936309
2,720,SNP_A-2267859,2937414
2,721,SNP_A-1946432,2948429
2,722,SNP_A-1961802,2949695
2,723,SNP_A-1919141,2968511
2,724,SNP_A-2059935,2973996
2,725,SNP_A-2180821,2990251
2,726,SNP_A-2214338,2991297
2,727,SNP_A-1905618,2991323
2,728,SNP_A-2198651,2991954
2,729,SNP_A-1892629,2992214
2,730,SNP_A-2111207,2992861
2,731,SNP_A-2243530,3009044
2,732,SNP_A-2211264,3045705
2,733,SNP_A-2304364,3046448
2,734,SNP_A-2067308,3059168
2,735,SNP_A-4303794,3063957
2,736,SNP_A-1917548,3065003
2,737,SNP_A-2135246,3076176
2,738,SNP_A-4261650,3082104
2,739,SNP_A-2038819,3088266
2,740,SNP_A-1781812,3088347
2,741,SNP_A-1948996,3103499
2,742,SNP_A-1826128,3106377
2,743,SNP_A-2130519,3108560
2,744,SNP_A-4296757,3112608
2,745,SNP_A-4207838,3126868
2,746,SNP_A-4207839,3138767
2,747,SNP_A-2042814,3140634
2,748,SNP_A-4282694,3178633
2,749,SNP_A-2304397,3180424
2,750,SNP_A-2177259,3182859
2,751,SNP_A-2236432,3183771
2,752,SNP_A-4281587,3183980
2,753,SNP_A-2042436,3188605
2,754,SNP_A-4242752,3189203
2,755,SNP_A-4222459,3216451
2,756,SNP_A-1886879,3218028
2,757,SNP_A-1961882,3221686
2,758,SNP_A-4207842,3221758
2,759,SNP_A-1961884,3221865
2,760,SNP_A-2130629,3228917
2,761,SNP_A-1866899,3228940
2,762,SNP_A-1787096,3229255
2,763,SNP_A-2305258,3236288
2,764,SNP_A-4268952,3237181
2,765,SNP_A-2260147,3241521
2,766,SNP_A-1953174,3241821
2,767,SNP_A-2308800,3244741
2,768,SNP_A-4245427,3244900
2,769,SNP_A-4293540,3246172
2,770,SNP_A-2233024,3248172
2,771,SNP_A-2006103,3256646
2,772,SNP_A-2194136,3256801
2,773,SNP_A-2052958,3259415
2,774,SNP_A-4217998,3259849
2,775,SNP_A-1808520,3271193
2,776,SNP_A-4234798,3272392
2,777,SNP_A-2212728,3276013
2,778,SNP_A-1956653,3284642
2,779,SNP_A-2101079,3301177
2,780,SNP_A-2276279,3301291
2,781,SNP_A-4256057,3305210
2,782,SNP_A-4294302,3318357
2,783,SNP_A-2226325,3323265
2,784,SNP_A-4247267,3331456
2,785,SNP_A-1803954,3348056
2,786,SNP_A-1852491,3363203
2,787,SNP_A-4278977,3373441
2,788,SNP_A-1794304,3373550
2,789,SNP_A-4290957,3377921
2,790,SNP_A-1865142,3383852
2,791,SNP_A-1787385,3402702
2,792,SNP_A-4284854,3435513
2,793,SNP_A-1903714,3436104
2,794,SNP_A-1942070,3451365
2,795,SNP_A-4235206,3451672
2,796,SNP_A-4219451,3454396
2,797,SNP_A-4193886,3454406
2,798,SNP_A-4279302,3460864
2,799,SNP_A-4257482,3470779
2,800,SNP_A-2113808,3471325
2,801,SNP_A-2213644,3472592
2,802,SNP_A-1934443,3474085
2,803,SNP_A-2038298,3476043
2,804,SNP_A-1839232,3476174
2,805,SNP_A-4199698,3482573
2,806,SNP_A-4297683,3488694
2,807,SNP_A-2140399,3586631
2,808,SNP_A-4272337,3596766
2,809,SNP_A-4216306,3619836
2,810,SNP_A-2220012,3624101
2,811,SNP_A-4303584,3633697
2,812,SNP_A-2301482,3636549
2,813,SNP_A-1868643,3636599
2,814,SNP_A-2300426,3636757
2,815,SNP_A-2022264,3643320
2,816,SNP_A-2006092,3654897
2,817,SNP_A-2083529,3658741
2,818,SNP_A-2221849,3660856
2,819,SNP_A-2208200,3661490
2,820,SNP_A-4278160,3661526
2,821,SNP_A-4301799,3670373
2,822,SNP_A-2112978,3672807
2,823,SNP_A-4206815,3673745
2,824,SNP_A-2188025,3680160
2,825,SNP_A-1902572,3691533
2,826,SNP_A-2213258,3692946
2,827,SNP_A-1893905,3695389
2,828,SNP_A-1780999,3695442
2,829,SNP_A-1799198,3710421
2,830,SNP_A-1928652,3720031
2,831,SNP_A-2202643,3727421
2,832,SNP_A-2274907,3737705
2,833,SNP_A-2301188,3740744
2,834,SNP_A-1874664,3748142
2,835,SNP_A-2245642,3750213
2,836,SNP_A-1943127,3760550
2,837,SNP_A-2218603,3761563
2,838,SNP_A-2205092,3761591
2,839,SNP_A-2063064,3771940
2,840,SNP_A-1861448,3772571
2,841,SNP_A-1903164,3773155
2,842,SNP_A-2182960,3790591
2,843,SNP_A-2038534,3791920
2,844,SNP_A-1825556,3792181
2,845,SNP_A-2125506,3792300
2,846,SNP_A-2006095,3796822
2,847,SNP_A-4261624,3797433
2,848,SNP_A-1961841,3798547
2,849,SNP_A-4261626,3799127
2,850,SNP_A-2306217,3801696
2,851,SNP_A-2270456,3801840
2,852,SNP_A-1804438,3805766
2,853,SNP_A-2025939,3805968
2,854,SNP_A-2292286,3813933
2,855,SNP_A-1840356,3815802
2,856,SNP_A-1952105,3815955
2,857,SNP_A-2299137,3816283
2,858,SNP_A-2006097,3816815
2,859,SNP_A-1794958,3817006
2,860,SNP_A-4258169,3827387
2,861,SNP_A-4205503,3829256
2,862,SNP_A-4239602,3829550
2,863,SNP_A-2156257,3840613
2,864,SNP_A-4220759,3840992
2,865,SNP_A-4216893,3854498
2,866,SNP_A-1859790,3855622
2,867,SNP_A-1810163,3855749
2,868,SNP_A-1961842,3859766
2,869,SNP_A-1961843,3859882
2,870,SNP_A-4261632,3859936
2,871,SNP_A-1961844,3860052
2,872,SNP_A-1921973,3869538
2,873,SNP_A-1961845,3869648
2,874,SNP_A-1961846,3869667
2,875,SNP_A-1961847,3869924
2,876,SNP_A-4141855,3874240
2,877,SNP_A-1961848,3874273
2,878,SNP_A-2192278,3876620
2,879,SNP_A-4274055,3890695
2,880,SNP_A-1785684,3892003
2,881,SNP_A-1961850,3898560
2,882,SNP_A-2086633,3901481
2,883,SNP_A-2197652,3901901
2,884,SNP_A-2073485,3931557
2,885,SNP_A-2150387,3938010
2,886,SNP_A-1961851,3944315
2,887,SNP_A-1961852,3946538
2,888,SNP_A-1846371,3948436
2,889,SNP_A-2110467,3950138
2,890,SNP_A-2045455,3952233
2,891,SNP_A-2090806,3953525
2,892,SNP_A-2181224,3967588
2,893,SNP_A-2114604,3971913
2,894,SNP_A-2036661,3974387
2,895,SNP_A-4193158,3975299
2,896,SNP_A-1949593,3975751
2,897,SNP_A-2069993,3982774
2,898,SNP_A-4261635,3992719
2,899,SNP_A-1961853,3992749
2,900,SNP_A-2179351,4008483
2,901,SNP_A-4239132,4009691
2,902,SNP_A-4196819,4012321
2,903,SNP_A-1800643,4012343
2,904,SNP_A-4253128,4025686
2,905,SNP_A-2181727,4025940
2,906,SNP_A-4202990,4032855
2,907,SNP_A-4285212,4034944
2,908,SNP_A-4207830,4038730
2,909,SNP_A-1961854,4038915
2,910,SNP_A-1961855,4040833
2,911,SNP_A-1799140,4050678
2,912,SNP_A-1879349,4051912
2,913,SNP_A-2140189,4051958
2,914,SNP_A-2216247,4066706
2,915,SNP_A-1868423,4067089
2,916,SNP_A-1940118,4067191
2,917,SNP_A-2255278,4070601
2,918,SNP_A-1884027,4071290
2,919,SNP_A-2258103,4078768
2,920,SNP_A-2146264,4080205
2,921,SNP_A-4243660,4101726
2,922,SNP_A-4222369,4108654
2,923,SNP_A-2190526,4109141
2,924,SNP_A-2173749,4112761
2,925,SNP_A-2028169,4114020
2,926,SNP_A-2076384,4114598
2,927,SNP_A-2031351,4114656
2,928,SNP_A-2210188,4115712
2,929,SNP_A-2308689,4118090
2,930,SNP_A-4223531,4118676
2,931,SNP_A-1874093,4119111
2,932,SNP_A-1866501,4119209
2,933,SNP_A-1867477,4120134
2,934,SNP_A-1870731,4120296
2,935,SNP_A-2142480,4120821
2,936,SNP_A-2310609,4127943
2,937,SNP_A-1785124,4128336
2,938,SNP_A-2076494,4132644
2,939,SNP_A-2006099,4138795
2,940,SNP_A-2134249,4140491
2,941,SNP_A-2149327,4149672
2,942,SNP_A-2070228,4150913
2,943,SNP_A-2142232,4154567
2,944,SNP_A-1889561,4161232
2,945,SNP_A-1874487,4164160
2,946,SNP_A-2123667,4165143
2,947,SNP_A-1860510,4168918
2,948,SNP_A-2131732,4174360
2,949,SNP_A-2165931,4178544
2,950,SNP_A-1830126,4198374
2,951,SNP_A-2149519,4214680
2,952,SNP_A-2056319,4220353
2,953,SNP_A-2277694,4220626
2,954,SNP_A-1882358,4223395
2,955,SNP_A-1961857,4235167
2,956,SNP_A-2221028,4248267
2,957,SNP_A-1959026,4254689
2,958,SNP_A-4271307,4267728
2,959,SNP_A-2148521,4268219
2,960,SNP_A-2053304,4274092
2,961,SNP_A-4280518,4275189
2,962,SNP_A-2073160,4276008
2,963,SNP_A-2033351,4296851
2,964,SNP_A-4203875,4299994
2,965,SNP_A-4217104,4301063
2,966,SNP_A-4297720,4305754
2,967,SNP_A-2258859,4306466
2,968,SNP_A-2040223,4307253
2,969,SNP_A-2275986,4316003
2,970,SNP_A-1948615,4327689
2,971,SNP_A-2129867,4330043
2,972,SNP_A-4226116,4330990
2,973,SNP_A-1950689,4344997
2,974,SNP_A-1799484,4357365
2,975,SNP_A-2135366,4358628
2,976,SNP_A-2261056,4372315
2,977,SNP_A-4247394,4381940
2,978,SNP_A-2103633,4385009
2,979,SNP_A-2112405,4387433
2,980,SNP_A-1961860,4407267
2,981,SNP_A-1961861,4416017
2,982,SNP_A-2057369,4423162
2,983,SNP_A-1841609,4426935
2,984,SNP_A-2284984,4429759
2,985,SNP_A-2082834,4429827
2,986,SNP_A-4290838,4431544
2,987,SNP_A-4193864,4443428
2,988,SNP_A-2311140,4447007
2,989,SNP_A-1937650,4449013
2,990,SNP_A-4291235,4457354
2,991,SNP_A-2208563,4463789
2,992,SNP_A-4289314,4472410
2,993,SNP_A-1852036,4480595
2,994,SNP_A-2106751,4480833
2,995,SNP_A-2045193,4490020
2,996,SNP_A-1956680,4492176
2,997,SNP_A-1961862,4492647
2,998,SNP_A-1961863,4493546
2,999,SNP_A-4261640,4494466
2,1000,SNP_A-2283601,4507283
2,1001,SNP_A-2136306,4516928
2,1002,SNP_A-2265484,4539742
2,1003,SNP_A-2181013,4554858
2,1004,SNP_A-1947775,4557043
2,1005,SNP_A-4275158,4561178
2,1006,SNP_A-2193458,4561299
2,1007,SNP_A-1909924,4562037
2,1008,SNP_A-1961865,4569916
2,1009,SNP_A-1922965,4577070
2,1010,SNP_A-4261642,4579437
2,1011,SNP_A-2144726,4580482
2,1012,SNP_A-2183518,4582271
2,1013,SNP_A-1783717,4583246
2,1014,SNP_A-1815203,4583864
2,1015,SNP_A-4229920,4585383
2,1016,SNP_A-2048115,4585927
2,1017,SNP_A-4204007,4586573
2,1018,SNP_A-2262095,4586802
2,1019,SNP_A-2294818,4595446
2,1020,SNP_A-1803911,4599008
2,1021,SNP_A-2254274,4602585
2,1022,SNP_A-2125956,4603337
2,1023,SNP_A-2109324,4603561
2,1024,SNP_A-1959380,4607891
2,1025,SNP_A-2089218,4608000
2,1026,SNP_A-4272681,4608069
2,1027,SNP_A-2069591,4613424
2,1028,SNP_A-4207833,4619354
2,1029,SNP_A-2082212,4619702
2,1030,SNP_A-1933741,4631137
2,1031,SNP_A-2040921,4636302
2,1032,SNP_A-1855281,4640531
2,1033,SNP_A-2143213,4640563
2,1034,SNP_A-2105141,4644333
2,1035,SNP_A-4240606,4644539
2,1036,SNP_A-4220221,4645196
2,1037,SNP_A-2115167,4647109
2,1038,SNP_A-2299107,4647199
2,1039,SNP_A-1914886,4657065
2,1040,SNP_A-1786649,4657165
2,1041,SNP_A-2184724,4678507
2,1042,SNP_A-1961867,4682016
2,1043,SNP_A-1961868,4683217
2,1044,SNP_A-1961869,4698522
2,1045,SNP_A-2276068,4702339
2,1046,SNP_A-2148505,4704106
2,1047,SNP_A-4257594,4704398
2,1048,SNP_A-2152313,4704441
2,1049,SNP_A-1864315,4709077
2,1050,SNP_A-4234093,4709114
2,1051,SNP_A-2183270,4709136
2,1052,SNP_A-1908538,4709596
2,1053,SNP_A-2190614,4730292
2,1054,SNP_A-1896224,4732368
2,1055,SNP_A-2228156,4732618
2,1056,SNP_A-1784091,4738512
2,1057,SNP_A-2248407,4748062
2,1058,SNP_A-4207834,4776973
2,1059,SNP_A-1961870,4784133
2,1060,SNP_A-1884122,4785084
2,1061,SNP_A-1918973,4785902
2,1062,SNP_A-2286369,4786023
2,1063,SNP_A-2247662,4786597
2,1064,SNP_A-2180590,4789501
2,1065,SNP_A-2092530,4799734
2,1066,SNP_A-2116540,4799826
2,1067,SNP_A-1961871,4800299
2,1068,SNP_A-4261643,4800555
2,1069,SNP_A-2074946,4800847
2,1070,SNP_A-1838701,4802344
2,1071,SNP_A-1895257,4802497
2,1072,SNP_A-4205293,4808652
2,1073,SNP_A-2178173,4811449
2,1074,SNP_A-1946431,4815810
2,1075,SNP_A-1961874,4817075
2,1076,SNP_A-1961875,4819122
2,1077,SNP_A-1860848,4824992
2,1078,SNP_A-1801191,4826013
2,1079,SNP_A-1921774,4826227
2,1080,SNP_A-1830378,4826406
2,1081,SNP_A-1848395,4829107
2,1082,SNP_A-2156145,4833346
2,1083,SNP_A-1934530,4833572
2,1084,SNP_A-2183471,4833817
2,1085,SNP_A-2215531,4840885
2,1086,SNP_A-1798896,4841089
2,1087,SNP_A-4229571,4841282
2,1088,SNP_A-4297812,4844226
2,1089,SNP_A-1944396,4847439
2,1090,SNP_A-4207836,4853119
2,1091,SNP_A-4141883,4853310
2,1092,SNP_A-1850550,4856019
2,1093,SNP_A-2266835,4860533
2,1094,SNP_A-4236121,4866085
2,1095,SNP_A-4243491,4874802
2,1096,SNP_A-4297901,4874845
2,1097,SNP_A-2198564,4874992
2,1098,SNP_A-2091336,4879845
2,1099,SNP_A-1854949,4884942
2,1100,SNP_A-2095175,4885001
2,1101,SNP_A-1891748,4886578
2,1102,SNP_A-2179828,4891841
2,1103,SNP_A-4242878,4893774
2,1104,SNP_A-2178119,4893822
2,1105,SNP_A-1878383,4894479
2,1106,SNP_A-1961878,4894814
2,1107,SNP_A-2086793,4901919
2,1108,SNP_A-1943229,4902097
2,1109,SNP_A-2052362,4903432
2,1110,SNP_A-2035910,4903505
2,1111,SNP_A-1906359,4904318
2,1112,SNP_A-2215491,4907095
2,1113,SNP_A-1839646,4916856
2,1114,SNP_A-2218518,4926347
2,1115,SNP_A-1961879,4926568
2,1116,SNP_A-1811577,4927494
2,1117,SNP_A-1889375,4936863
2,1118,SNP_A-4300213,4940239
2,1119,SNP_A-1785111,4940366
2,1120,SNP_A-4250843,4941117
2,1121,SNP_A-4244833,4941244
2,1122,SNP_A-4204883,4948228
2,1123,SNP_A-2187597,4948582
2,1124,SNP_A-1950566,4951553
2,1125,SNP_A-1809167,4951629
2,1126,SNP_A-4279689,4962715
2,1127,SNP_A-1830542,4964858
2,1128,SNP_A-4227099,4965355
2,1129,SNP_A-1906841,4969918
2,1130,SNP_A-2060861,4972908
2,1131,SNP_A-4227065,5098824
2,1132,SNP_A-4223341,5098938
2,1133,SNP_A-2104981,5119073
2,1134,SNP_A-1936378,5122784
2,1135,SNP_A-1917268,5133880
2,1136,SNP_A-2155307,5133974
2,1137,SNP_A-4222392,5135776
2,1138,SNP_A-2049399,5139642
2,1139,SNP_A-1846480,5140178
2,1140,SNP_A-1940021,5140251
2,1141,SNP_A-2053673,5149707
2,1142,SNP_A-2192519,5152338
2,1143,SNP_A-4299364,5158482
2,1144,SNP_A-1920210,5158680
2,1145,SNP_A-1819918,5163288
2,1146,SNP_A-4248611,5163333
2,1147,SNP_A-2284841,5170642
2,1148,SNP_A-1961885,5170875
2,1149,SNP_A-4261653,5171049
2,1150,SNP_A-1961886,5174807
2,1151,SNP_A-4207844,5175342
2,1152,SNP_A-2305985,5179006
2,1153,SNP_A-2182942,5181572
2,1154,SNP_A-2031313,5183457
2,1155,SNP_A-1961887,5184201
2,1156,SNP_A-2006105,5189379
2,1157,SNP_A-2264644,5192697
2,1158,SNP_A-2160066,5193686
2,1159,SNP_A-4276302,5209749
2,1160,SNP_A-1851116,5209950
2,1161,SNP_A-2291846,5210103
2,1162,SNP_A-2021333,5210650
2,1163,SNP_A-4207845,5213340
2,1164,SNP_A-1961888,5213407
2,1165,SNP_A-2274217,5240994
2,1166,SNP_A-1906737,5243804
2,1167,SNP_A-4204092,5244283
2,1168,SNP_A-4207846,5258126
2,1169,SNP_A-2126668,5261857
2,1170,SNP_A-2265225,5262435
2,1171,SNP_A-1961889,5263872
2,1172,SNP_A-4301588,5275270
2,1173,SNP_A-2184622,5284990
2,1174,SNP_A-4206725,5290453
2,1175,SNP_A-1881841,5292626
2,1176,SNP_A-1956468,5295091
2,1177,SNP_A-2152165,5307344
2,1178,SNP_A-2126476,5307438
2,1179,SNP_A-2283108,5308383
2,1180,SNP_A-4224080,5308638
2,1181,SNP_A-2035497,5309265
2,1182,SNP_A-2030400,5309479
2,1183,SNP_A-2285567,5309698
2,1184,SNP_A-4207848,5310781
2,1185,SNP_A-1961892,5323461
2,1186,SNP_A-4261654,5325449
2,1187,SNP_A-1792062,5328064
2,1188,SNP_A-2194722,5328501
2,1189,SNP_A-2312436,5328935
2,1190,SNP_A-4238265,5329230
2,1191,SNP_A-2290873,5329528
2,1192,SNP_A-2118589,5329801
2,1193,SNP_A-2151699,5331388
2,1194,SNP_A-2191622,5334408
2,1195,SNP_A-2194066,5334944
2,1196,SNP_A-2072681,5339824
2,1197,SNP_A-4255868,5341630
2,1198,SNP_A-1781788,5343439
2,1199,SNP_A-1783283,5354884
2,1200,SNP_A-4229214,5355200
2,1201,SNP_A-2164707,5356401
2,1202,SNP_A-2071611,5361185
2,1203,SNP_A-2176186,5367085
2,1204,SNP_A-4241667,5373460
2,1205,SNP_A-1961894,5374366
2,1206,SNP_A-1961895,5377909
2,1207,SNP_A-4207849,5377941
2,1208,SNP_A-2266911,5382212
2,1209,SNP_A-4202317,5382605
2,1210,SNP_A-1874107,5395172
2,1211,SNP_A-1820455,5402243
2,1212,SNP_A-1835482,5405970
2,1213,SNP_A-4216500,5408007
2,1214,SNP_A-1830757,5411499
2,1215,SNP_A-2286855,5411742
2,1216,SNP_A-2139625,5412152
2,1217,SNP_A-1869608,5429806
2,1218,SNP_A-1829610,5429867
2,1219,SNP_A-1961897,5434235
2,1220,SNP_A-1787384,5434734
2,1221,SNP_A-2256118,5435810
2,1222,SNP_A-2237337,5437850
2,1223,SNP_A-2313578,5439078
2,1224,SNP_A-4298002,5446455
2,1225,SNP_A-4294048,5446518
2,1226,SNP_A-4303766,5446913
2,1227,SNP_A-1961898,5448856
2,1228,SNP_A-1961899,5448983
2,1229,SNP_A-1810588,5452684
2,1230,SNP_A-1899175,5456552
2,1231,SNP_A-2122146,5457033
2,1232,SNP_A-2238576,5459578
2,1233,SNP_A-4261658,5466452
2,1234,SNP_A-4242232,5475276
2,1235,SNP_A-2303944,5477787
2,1236,SNP_A-1935508,5477854
2,1237,SNP_A-4141903,5491390
2,1238,SNP_A-1961900,5491430
2,1239,SNP_A-4207853,5494070
2,1240,SNP_A-2078532,5496653
2,1241,SNP_A-2141652,5496871
2,1242,SNP_A-4257734,5497277
2,1243,SNP_A-1818180,5518875
2,1244,SNP_A-1820911,5519735
2,1245,SNP_A-1961903,5527531
2,1246,SNP_A-2006108,5527614
2,1247,SNP_A-1948555,5533298
2,1248,SNP_A-2069617,5535096
2,1249,SNP_A-4243058,5535132
2,1250,SNP_A-1919485,5535631
2,1251,SNP_A-1816589,5540498
2,1252,SNP_A-1867463,5541078
2,1253,SNP_A-1952007,5555040
2,1254,SNP_A-2084031,5569022
2,1255,SNP_A-2135146,5570246
2,1256,SNP_A-1871180,5580107
2,1257,SNP_A-1827488,5586643
2,1258,SNP_A-1925678,5586768
2,1259,SNP_A-2184015,5596487
2,1260,SNP_A-1805829,5603038
2,1261,SNP_A-1961906,5606577
2,1262,SNP_A-1961907,5606908
2,1263,SNP_A-1961908,5606938
2,1264,SNP_A-1961909,5611565
2,1265,SNP_A-1813693,5619541
2,1266,SNP_A-2275808,5620028
2,1267,SNP_A-1961910,5620287
2,1268,SNP_A-1948974,5632400
2,1269,SNP_A-1953666,5632641
2,1270,SNP_A-1856404,5645384
2,1271,SNP_A-1890399,5653178
2,1272,SNP_A-2168870,5654564
2,1273,SNP_A-1852097,5662508
2,1274,SNP_A-4290746,5670588
2,1275,SNP_A-1919912,5679729
2,1276,SNP_A-2091913,5714895
2,1277,SNP_A-2206555,5715559
2,1278,SNP_A-2023599,5715693
2,1279,SNP_A-2113160,5718708
2,1280,SNP_A-4217680,5721948
2,1281,SNP_A-4229941,5721963
2,1282,SNP_A-1801960,5722112
2,1283,SNP_A-1929967,5722803
2,1284,SNP_A-1892602,5728194
2,1285,SNP_A-2220837,5728643
2,1286,SNP_A-2229278,5734369
2,1287,SNP_A-2272059,5736372
2,1288,SNP_A-1948564,5736739
2,1289,SNP_A-2254980,5736968
2,1290,SNP_A-2229401,5739199
2,1291,SNP_A-2059211,5741609
2,1292,SNP_A-2006109,5746153
2,1293,SNP_A-2006110,5755481
2,1294,SNP_A-1961911,5768215
2,1295,SNP_A-1843819,5775166
2,1296,SNP_A-2277549,5776369
2,1297,SNP_A-4227305,5777782
2,1298,SNP_A-2236295,5777853
2,1299,SNP_A-1948421,5780500
2,1300,SNP_A-2296721,5781513
2,1301,SNP_A-2041751,5782111
2,1302,SNP_A-1961912,5782300
2,1303,SNP_A-1875327,5783398
2,1304,SNP_A-2112582,5787765
2,1305,SNP_A-2063541,5795109
2,1306,SNP_A-2117744,5807622
2,1307,SNP_A-2303690,5819377
2,1308,SNP_A-2198539,5828837
2,1309,SNP_A-1836321,5829023
2,1310,SNP_A-2132168,5829940
2,1311,SNP_A-2207642,5830153
2,1312,SNP_A-4223232,5838153
2,1313,SNP_A-1953289,5838464
2,1314,SNP_A-1961916,5844370
2,1315,SNP_A-1961917,5845544
2,1316,SNP_A-2069780,5849348
2,1317,SNP_A-1961920,5850945
2,1318,SNP_A-4261667,5851296
2,1319,SNP_A-1961922,5861949
2,1320,SNP_A-4222431,5867031
2,1321,SNP_A-1877639,5867924
2,1322,SNP_A-2227444,5875120
2,1323,SNP_A-2162854,5875999
2,1324,SNP_A-4301140,5876159
2,1325,SNP_A-2295600,5876225
2,1326,SNP_A-1850335,5876448
2,1327,SNP_A-4261668,5876832
2,1328,SNP_A-1961924,5876965
2,1329,SNP_A-1961925,5877226
2,1330,SNP_A-1961926,5877413
2,1331,SNP_A-1784014,5884849
2,1332,SNP_A-4244862,5886794
2,1333,SNP_A-4196900,5890517
2,1334,SNP_A-2110541,5896643
2,1335,SNP_A-2189512,5900776
2,1336,SNP_A-4224157,5900887
2,1337,SNP_A-1961929,5903374
2,1338,SNP_A-4195295,5906090
2,1339,SNP_A-2077673,5906831
2,1340,SNP_A-1871767,5906987
2,1341,SNP_A-2194073,5908339
2,1342,SNP_A-2266940,5909420
2,1343,SNP_A-4244069,5909688
2,1344,SNP_A-2027168,5913808
2,1345,SNP_A-4199550,5919637
2,1346,SNP_A-1961930,5922951
2,1347,SNP_A-4232229,5923146
2,1348,SNP_A-2088187,5927551
2,1349,SNP_A-1810189,5928033
2,1350,SNP_A-1816414,5935069
2,1351,SNP_A-2125959,5938102
2,1352,SNP_A-1859917,5938195
2,1353,SNP_A-1904506,5946465
2,1354,SNP_A-2033822,5954209
2,1355,SNP_A-2028933,5954814
2,1356,SNP_A-2097701,5956515
2,1357,SNP_A-4250126,5956628
2,1358,SNP_A-2036659,5958364
2,1359,SNP_A-4232018,5960645
2,1360,SNP_A-2121148,5961353
2,1361,SNP_A-4227762,5964434
2,1362,SNP_A-1900578,5965395
2,1363,SNP_A-2091679,5969758
2,1364,SNP_A-1896190,5979417
2,1365,SNP_A-4299274,5982454
2,1366,SNP_A-2286837,5983204
2,1367,SNP_A-4295206,5983837
2,1368,SNP_A-4248535,5984393
2,1369,SNP_A-1906384,5990900
2,1370,SNP_A-1868387,5991691
2,1371,SNP_A-1799679,5992591
2,1372,SNP_A-2291237,5992743
2,1373,SNP_A-1797486,5993356
2,1374,SNP_A-2142574,5999000
2,1375,SNP_A-2197231,5999108
2,1376,SNP_A-4207865,5999261
2,1377,SNP_A-1961932,5999318
2,1378,SNP_A-2210720,5999411
2,1379,SNP_A-1961933,6002185
2,1380,SNP_A-4261672,6002367
2,1381,SNP_A-2271818,6018448
2,1382,SNP_A-2152102,6034316
2,1383,SNP_A-2058793,6034394
2,1384,SNP_A-2218820,6036721
2,1385,SNP_A-2097480,6039900
2,1386,SNP_A-2093553,6046017
2,1387,SNP_A-2162204,6049391
2,1388,SNP_A-1878608,6058737
2,1389,SNP_A-2256512,6063461
2,1390,SNP_A-2259522,6063554
2,1391,SNP_A-1961934,6069584
2,1392,SNP_A-2254858,6071393
2,1393,SNP_A-2299748,6077555
2,1394,SNP_A-2094353,6077578
2,1395,SNP_A-2136804,6077658
2,1396,SNP_A-4276284,6078394
2,1397,SNP_A-4252813,6079161
2,1398,SNP_A-1826391,6082473
2,1399,SNP_A-2046500,6083374
2,1400,SNP_A-1940636,6087178
2,1401,SNP_A-2226601,6087833
2,1402,SNP_A-2159977,6092311
2,1403,SNP_A-2083399,6092621
2,1404,SNP_A-4275582,6092957
2,1405,SNP_A-1961935,6095188
2,1406,SNP_A-4276484,6099306
2,1407,SNP_A-4292241,6111048
2,1408,SNP_A-1915933,6113298
2,1409,SNP_A-1961936,6121763
2,1410,SNP_A-2070067,6122286
2,1411,SNP_A-4207866,6135861
2,1412,SNP_A-2196823,6137161
2,1413,SNP_A-4249191,6138977
2,1414,SNP_A-2065581,6142301
2,1415,SNP_A-1930783,6144467
2,1416,SNP_A-2239346,6144872
2,1417,SNP_A-2231593,6146224
2,1418,SNP_A-2242401,6150597
2,1419,SNP_A-2147772,6154059
2,1420,SNP_A-2271878,6163856
2,1421,SNP_A-2307682,6165689
2,1422,SNP_A-1960193,6165998
2,1423,SNP_A-1883234,6166715
2,1424,SNP_A-1892553,6169658
2,1425,SNP_A-4231005,6185276
2,1426,SNP_A-4199920,6185703
2,1427,SNP_A-2282589,6186203
2,1428,SNP_A-2036037,6186314
2,1429,SNP_A-1814407,6190659
2,1430,SNP_A-1961938,6204656
2,1431,SNP_A-4271336,6213207
2,1432,SNP_A-1844185,6214696
2,1433,SNP_A-2111655,6215252
2,1434,SNP_A-2150858,6215473
2,1435,SNP_A-4257913,6215502
2,1436,SNP_A-2280733,6223235
2,1437,SNP_A-1891913,6228331
2,1438,SNP_A-1803517,6239998
2,1439,SNP_A-4203191,6247413
2,1440,SNP_A-4225329,6258620
2,1441,SNP_A-1961939,6261393
2,1442,SNP_A-4217462,6272826
2,1443,SNP_A-1961943,6275098
2,1444,SNP_A-1880030,6283601
2,1445,SNP_A-4291100,6292967
2,1446,SNP_A-2291926,6297653
2,1447,SNP_A-2258476,6297829
2,1448,SNP_A-4261680,6305541
2,1449,SNP_A-4268953,6305762
2,1450,SNP_A-1961944,6306665
2,1451,SNP_A-1961945,6307127
2,1452,SNP_A-4207868,6307348
2,1453,SNP_A-1961946,6308768
2,1454,SNP_A-1961947,6309004
2,1455,SNP_A-2068562,6310661
2,1456,SNP_A-2261710,6311824
2,1457,SNP_A-4198791,6311894
2,1458,SNP_A-1821383,6312037
2,1459,SNP_A-4197824,6312692
2,1460,SNP_A-1954082,6315654
2,1461,SNP_A-2155149,6315864
2,1462,SNP_A-2214500,6315978
2,1463,SNP_A-4232324,6319747
2,1464,SNP_A-4200339,6329652
2,1465,SNP_A-4198629,6329668
2,1466,SNP_A-2068114,6330252
2,1467,SNP_A-2178281,6337057
2,1468,SNP_A-2115992,6341173
2,1469,SNP_A-1796958,6341400
2,1470,SNP_A-2254936,6346392
2,1471,SNP_A-2130364,6346425
2,1472,SNP_A-1961949,6352038
2,1473,SNP_A-2224214,6359415
2,1474,SNP_A-4247522,6360667
2,1475,SNP_A-1952901,6360967
2,1476,SNP_A-2206420,6361844
2,1477,SNP_A-2124496,6365853
2,1478,SNP_A-1953529,6366572
2,1479,SNP_A-2006114,6367334
2,1480,SNP_A-4226871,6382837
2,1481,SNP_A-1957330,6385000
2,1482,SNP_A-4220702,6403697
2,1483,SNP_A-4198653,6403708
2,1484,SNP_A-1961950,6412002
2,1485,SNP_A-2080378,6413199
2,1486,SNP_A-4254517,6413773
2,1487,SNP_A-4279510,6417786
2,1488,SNP_A-1863913,6429921
2,1489,SNP_A-2116204,6437738
2,1490,SNP_A-2100250,6443774
2,1491,SNP_A-2128494,6445833
2,1492,SNP_A-4222860,6445947
2,1493,SNP_A-1961952,6447086
2,1494,SNP_A-2167557,6457156
2,1495,SNP_A-1846715,6466670
2,1496,SNP_A-4203469,6468030
2,1497,SNP_A-2281961,6468157
2,1498,SNP_A-2260966,6468327
2,1499,SNP_A-1921141,6468484
2,1500,SNP_A-4280935,6469308
2,1501,SNP_A-4273818,6469324
2,1502,SNP_A-4274083,6469468
2,1503,SNP_A-2279405,6469528
2,1504,SNP_A-2127695,6471151
2,1505,SNP_A-1871787,6471251
2,1506,SNP_A-2035039,6473183
2,1507,SNP_A-1872307,6474232
2,1508,SNP_A-1877177,6483994
2,1509,SNP_A-1819861,6493706
2,1510,SNP_A-4298338,6494909
2,1511,SNP_A-2276632,6494970
2,1512,SNP_A-2073467,6495032
2,1513,SNP_A-4261684,6498096
2,1514,SNP_A-4261685,6498196
2,1515,SNP_A-4207870,6498594
2,1516,SNP_A-2298483,6501614
2,1517,SNP_A-4218300,6512424
2,1518,SNP_A-1805459,6512609
2,1519,SNP_A-2253519,6523921
2,1520,SNP_A-2222232,6524238
2,1521,SNP_A-4260548,6530658
2,1522,SNP_A-2057483,6532439
2,1523,SNP_A-1872685,6532494
2,1524,SNP_A-2097190,6532719
2,1525,SNP_A-1811997,6536513
2,1526,SNP_A-4261687,6538169
2,1527,SNP_A-2299563,6539922
2,1528,SNP_A-1780346,6540146
2,1529,SNP_A-1961959,6545258
2,1530,SNP_A-2089092,6547074
2,1531,SNP_A-4276469,6547639
2,1532,SNP_A-1847494,6549251
2,1533,SNP_A-2024804,6559000
2,1534,SNP_A-1806470,6562201
2,1535,SNP_A-1912488,6563628
2,1536,SNP_A-4256483,6569941
2,1537,SNP_A-1806908,6573205
2,1538,SNP_A-4229178,6574486
2,1539,SNP_A-2109600,6582829
2,1540,SNP_A-2267011,6583463
2,1541,SNP_A-4204680,6584064
2,1542,SNP_A-2281145,6594530
2,1543,SNP_A-4289335,6598292
2,1544,SNP_A-4289963,6598945
2,1545,SNP_A-4261691,6611970
2,1546,SNP_A-1879234,6635023
2,1547,SNP_A-2132465,6644667
2,1548,SNP_A-2080296,6645259
2,1549,SNP_A-2071208,6648243
2,1550,SNP_A-1878056,6651420
2,1551,SNP_A-2146947,6651483
2,1552,SNP_A-2181234,6652095
2,1553,SNP_A-1918236,6655887
2,1554,SNP_A-1839942,6660518
2,1555,SNP_A-2091635,6662495
2,1556,SNP_A-1803262,6679082
2,1557,SNP_A-2247515,6691093
2,1558,SNP_A-4206385,6691371
2,1559,SNP_A-4207874,6703172
2,1560,SNP_A-1961963,6704982
2,1561,SNP_A-1961964,6705324
2,1562,SNP_A-1961965,6705462
2,1563,SNP_A-1961966,6705721
2,1564,SNP_A-4261695,6705884
2,1565,SNP_A-1961967,6706092
2,1566,SNP_A-1961968,6706212
2,1567,SNP_A-4256491,6708334
2,1568,SNP_A-4293991,6711384
2,1569,SNP_A-4246217,6711923
2,1570,SNP_A-4255482,6712095
2,1571,SNP_A-2092439,6712221
2,1572,SNP_A-2154721,6712276
2,1573,SNP_A-2197266,6712781
2,1574,SNP_A-4295448,6713057
2,1575,SNP_A-2117694,6713715
2,1576,SNP_A-2130359,6713817
2,1577,SNP_A-2109136,6718840
2,1578,SNP_A-2102828,6727472
2,1579,SNP_A-2122568,6753810
2,1580,SNP_A-2157583,6757301
2,1581,SNP_A-2188992,6769820
2,1582,SNP_A-2178409,6774344
2,1583,SNP_A-1961970,6775163
2,1584,SNP_A-1961971,6775281
2,1585,SNP_A-1961972,6775477
2,1586,SNP_A-1921632,6777195
2,1587,SNP_A-1810421,6777986
2,1588,SNP_A-2219816,6778142
2,1589,SNP_A-2046778,6778589
2,1590,SNP_A-1856499,6778735
2,1591,SNP_A-1813256,6780866
2,1592,SNP_A-2138645,6784364
2,1593,SNP_A-1868095,6803471
2,1594,SNP_A-2066787,6809163
2,1595,SNP_A-1793517,6824748
2,1596,SNP_A-2030781,6830471
2,1597,SNP_A-2069294,6840234
2,1598,SNP_A-1865387,6846769
2,1599,SNP_A-2114369,6855044
2,1600,SNP_A-4234334,6856034
2,1601,SNP_A-2158457,6856797
2,1602,SNP_A-1961976,6860141
2,1603,SNP_A-2085383,6861502
2,1604,SNP_A-4207879,6873570
2,1605,SNP_A-4207880,6873584
2,1606,SNP_A-1931466,6873654
2,1607,SNP_A-4207881,6874422
2,1608,SNP_A-2285199,6875222
2,1609,SNP_A-1832354,6884946
2,1610,SNP_A-2049245,6889792
2,1611,SNP_A-4216363,6896272
2,1612,SNP_A-1892514,6900799
2,1613,SNP_A-2294750,6914313
2,1614,SNP_A-2083024,6921919
2,1615,SNP_A-2058419,6925071
2,1616,SNP_A-2093378,6936332
2,1617,SNP_A-1784617,6942626
2,1618,SNP_A-2192691,6942801
2,1619,SNP_A-2260560,6946103
2,1620,SNP_A-1940095,6970089
2,1621,SNP_A-4261701,6978335
2,1622,SNP_A-4207882,6979574
2,1623,SNP_A-4261702,6980825
2,1624,SNP_A-1961980,6980852
2,1625,SNP_A-2132299,6990174
2,1626,SNP_A-2058331,6990386
2,1627,SNP_A-1889679,6993848
2,1628,SNP_A-1798308,6995482
2,1629,SNP_A-1892228,6999238
2,1630,SNP_A-2210412,7005233
2,1631,SNP_A-1957738,7009781
2,1632,SNP_A-4260707,7014974
2,1633,SNP_A-2174354,7015216
2,1634,SNP_A-1873779,7015296
2,1635,SNP_A-4304654,7015458
2,1636,SNP_A-2250595,7019171
2,1637,SNP_A-1788709,7019262
2,1638,SNP_A-4250085,7020231
2,1639,SNP_A-1878586,7029188
2,1640,SNP_A-2035645,7030566
2,1641,SNP_A-1869196,7031735
2,1642,SNP_A-2171495,7032516
2,1643,SNP_A-2089027,7033528
2,1644,SNP_A-1921695,7048382
2,1645,SNP_A-2140670,7050366
2,1646,SNP_A-4276273,7056663
2,1647,SNP_A-4206634,7057359
2,1648,SNP_A-2153493,7057623
2,1649,SNP_A-2039858,7058144
2,1650,SNP_A-4230091,7059415
2,1651,SNP_A-2242505,7059631
2,1652,SNP_A-1813388,7065424
2,1653,SNP_A-2184797,7066960
2,1654,SNP_A-2084035,7067662
2,1655,SNP_A-2049682,7067781
2,1656,SNP_A-2222825,7067978
2,1657,SNP_A-4294216,7068105
2,1658,SNP_A-2257357,7068209
2,1659,SNP_A-1789877,7068525
2,1660,SNP_A-1845014,7068995
2,1661,SNP_A-1794705,7075683
2,1662,SNP_A-4256229,7075876
2,1663,SNP_A-2145958,7077221
2,1664,SNP_A-2105628,7077466
2,1665,SNP_A-4285773,7083879
2,1666,SNP_A-2192597,7084739
2,1667,SNP_A-2262355,7092327
2,1668,SNP_A-2130332,7094834
2,1669,SNP_A-2307629,7103901
2,1670,SNP_A-1892350,7104059
2,1671,SNP_A-4298897,7104650
2,1672,SNP_A-4294742,7105267
2,1673,SNP_A-2254643,7105689
2,1674,SNP_A-2294726,7105886
2,1675,SNP_A-2096722,7108077
2,1676,SNP_A-1880476,7114083
2,1677,SNP_A-4261705,7118299
2,1678,SNP_A-4272043,7120779
2,1679,SNP_A-2006116,7120975
2,1680,SNP_A-4258814,7122800
2,1681,SNP_A-2050400,7130592
2,1682,SNP_A-1903720,7132900
2,1683,SNP_A-1827485,7134463
2,1684,SNP_A-1907547,7134923
2,1685,SNP_A-2281799,7135053
2,1686,SNP_A-2252051,7146542
2,1687,SNP_A-2152408,7146820
2,1688,SNP_A-2112509,7154020
2,1689,SNP_A-1810396,7163566
2,1690,SNP_A-2163964,7165847
2,1691,SNP_A-2115318,7165870
2,1692,SNP_A-2209998,7166150
2,1693,SNP_A-2126851,7166285
2,1694,SNP_A-1841164,7166716
2,1695,SNP_A-2186203,7169660
2,1696,SNP_A-2049548,7179532
2,1697,SNP_A-2234688,7180282
2,1698,SNP_A-1857728,7180407
2,1699,SNP_A-4200839,7180584
2,1700,SNP_A-2104213,7181359
2,1701,SNP_A-1893790,7187773
2,1702,SNP_A-2230270,7200737
2,1703,SNP_A-1961986,7201042
2,1704,SNP_A-2093585,7209143
2,1705,SNP_A-1876137,7209289
2,1706,SNP_A-1961987,7212768
2,1707,SNP_A-1961988,7212994
2,1708,SNP_A-2047624,7214057
2,1709,SNP_A-4286840,7214110
2,1710,SNP_A-1811557,7222107
2,1711,SNP_A-4232275,7226523
2,1712,SNP_A-1847977,7227687
2,1713,SNP_A-4261707,7228587
2,1714,SNP_A-4225915,7239970
2,1715,SNP_A-2216933,7240766
2,1716,SNP_A-2123099,7241076
2,1717,SNP_A-1787286,7242030
2,1718,SNP_A-1961989,7244565
2,1719,SNP_A-1961990,7244654
2,1720,SNP_A-1961993,7249605
2,1721,SNP_A-1961994,7250249
2,1722,SNP_A-1961995,7250386
2,1723,SNP_A-2143795,7257307
2,1724,SNP_A-2308287,7257904
2,1725,SNP_A-2184821,7264329
2,1726,SNP_A-1913658,7264662
2,1727,SNP_A-1817964,7266683
2,1728,SNP_A-1912225,7267318
2,1729,SNP_A-2248128,7268367
2,1730,SNP_A-1932233,7271165
2,1731,SNP_A-1798440,7283006
2,1732,SNP_A-2232199,7289140
2,1733,SNP_A-4258324,7293293
2,1734,SNP_A-2082965,7304691
2,1735,SNP_A-1877170,7304898
2,1736,SNP_A-1827106,7305224
2,1737,SNP_A-2201393,7305838
2,1738,SNP_A-2154699,7306611
2,1739,SNP_A-1951751,7322405
2,1740,SNP_A-2059265,7323226
2,1741,SNP_A-1961999,7323351
2,1742,SNP_A-1962000,7323518
2,1743,SNP_A-4253743,7324443
2,1744,SNP_A-2310966,7324914
2,1745,SNP_A-4279369,7325314
2,1746,SNP_A-2060523,7333712
2,1747,SNP_A-1864875,7333809
2,1748,SNP_A-2193658,7334345
2,1749,SNP_A-2060157,7334522
2,1750,SNP_A-4201686,7334973
2,1751,SNP_A-2295955,7340072
2,1752,SNP_A-1817755,7340831
2,1753,SNP_A-1867296,7344764
2,1754,SNP_A-4221544,7356841
2,1755,SNP_A-1863817,7363078
2,1756,SNP_A-2086865,7371811
2,1757,SNP_A-2144612,7389183
2,1758,SNP_A-2294972,7394637
2,1759,SNP_A-4261709,7404765
2,1760,SNP_A-4297719,7414323
2,1761,SNP_A-2147707,7416865
2,1762,SNP_A-1863040,7418420
2,1763,SNP_A-1832303,7419718
2,1764,SNP_A-2083084,7419924
2,1765,SNP_A-2201667,7429686
2,1766,SNP_A-4261452,7430093
2,1767,SNP_A-2111686,7435071
2,1768,SNP_A-1929734,7438397
2,1769,SNP_A-2279840,7444354
2,1770,SNP_A-1837573,7445903
2,1771,SNP_A-1962003,7450886
2,1772,SNP_A-2199232,7458146
2,1773,SNP_A-2105117,7458453
2,1774,SNP_A-2116333,7461943
2,1775,SNP_A-1962006,7466468
2,1776,SNP_A-1941685,7482219
2,1777,SNP_A-2290301,7485118
2,1778,SNP_A-4232329,7493354
2,1779,SNP_A-4198456,7500213
2,1780,SNP_A-1929867,7502119
2,1781,SNP_A-1946005,7513722
2,1782,SNP_A-4206238,7515005
2,1783,SNP_A-1798075,7515976
2,1784,SNP_A-1810161,7520830
2,1785,SNP_A-2006117,7523399
2,1786,SNP_A-2046982,7523633
2,1787,SNP_A-1962007,7526118
2,1788,SNP_A-4234159,7529134
2,1789,SNP_A-4207497,7529147
2,1790,SNP_A-2125319,7532158
2,1791,SNP_A-1960937,7532321
2,1792,SNP_A-1782292,7534170
2,1793,SNP_A-2256056,7535558
2,1794,SNP_A-1962008,7548910
2,1795,SNP_A-2029998,7564458
2,1796,SNP_A-2215664,7564967
2,1797,SNP_A-1942875,7565311
2,1798,SNP_A-2105632,7568177
2,1799,SNP_A-1962009,7575058
2,1800,SNP_A-1962010,7575258
2,1801,SNP_A-4253575,7583011
2,1802,SNP_A-4231747,7610652
2,1803,SNP_A-2260035,7618312
2,1804,SNP_A-2098938,7619487
2,1805,SNP_A-4278049,7620400
2,1806,SNP_A-2046274,7623514
2,1807,SNP_A-1854864,7623747
2,1808,SNP_A-4222325,7625142
2,1809,SNP_A-1886029,7627592
2,1810,SNP_A-1920878,7628149
2,1811,SNP_A-2039688,7628599
2,1812,SNP_A-4261712,7632364
2,1813,SNP_A-4261713,7633695
2,1814,SNP_A-2210883,7634470
2,1815,SNP_A-1815946,7656658
2,1816,SNP_A-1913497,7669233
2,1817,SNP_A-2109866,7669374
2,1818,SNP_A-2038926,7671331
2,1819,SNP_A-2069450,7671868
2,1820,SNP_A-2197838,7671909
2,1821,SNP_A-1931031,7682595
2,1822,SNP_A-4206342,7710390
2,1823,SNP_A-2159259,7710871
2,1824,SNP_A-2193111,7719332
2,1825,SNP_A-2265306,7721639
2,1826,SNP_A-4207889,7726956
2,1827,SNP_A-2253907,7735087
2,1828,SNP_A-2224566,7739669
2,1829,SNP_A-1918766,7746857
2,1830,SNP_A-2157031,7749051
2,1831,SNP_A-1962014,7751272
2,1832,SNP_A-1962015,7753602
2,1833,SNP_A-1962016,7754047
2,1834,SNP_A-1951647,7754087
2,1835,SNP_A-2088534,7767051
2,1836,SNP_A-4292523,7767270
2,1837,SNP_A-4291422,7768754
2,1838,SNP_A-1953711,7781389
2,1839,SNP_A-2251756,7783397
2,1840,SNP_A-2203314,7788645
2,1841,SNP_A-1837181,7789402
2,1842,SNP_A-2138562,7791343
2,1843,SNP_A-1884842,7798497
2,1844,SNP_A-4235812,7798627
2,1845,SNP_A-4217588,7800307
2,1846,SNP_A-2157598,7808573
2,1847,SNP_A-1919794,7808927
2,1848,SNP_A-4259034,7809765
2,1849,SNP_A-1899639,7811301
2,1850,SNP_A-1861989,7811837
2,1851,SNP_A-2295448,7849025
2,1852,SNP_A-2174136,7859942
2,1853,SNP_A-4238224,7885379
2,1854,SNP_A-1930737,7885726
2,1855,SNP_A-2167052,7886271
2,1856,SNP_A-2047555,7886353
2,1857,SNP_A-1906816,7886758
2,1858,SNP_A-4239571,7893784
2,1859,SNP_A-4201651,7894562
2,1860,SNP_A-2279179,7895013
2,1861,SNP_A-2006119,7900454
2,1862,SNP_A-1962017,7900644
2,1863,SNP_A-2155786,7907665
2,1864,SNP_A-2205703,7910842
2,1865,SNP_A-2081795,7914870
2,1866,SNP_A-1962019,7919033
2,1867,SNP_A-1962020,7919221
2,1868,SNP_A-4233980,7920323
2,1869,SNP_A-1846167,7921137
2,1870,SNP_A-2050361,7921230
2,1871,SNP_A-4233336,7937753
2,1872,SNP_A-4237400,7937769
2,1873,SNP_A-1952995,7939136
2,1874,SNP_A-4277551,7939639
2,1875,SNP_A-1885599,7945967
2,1876,SNP_A-1783554,7951398
2,1877,SNP_A-2046239,7956645
2,1878,SNP_A-4256379,7958593
2,1879,SNP_A-2189739,7958661
2,1880,SNP_A-1962021,7962814
2,1881,SNP_A-2301684,7972810
2,1882,SNP_A-1818814,7972959
2,1883,SNP_A-1820804,7973419
2,1884,SNP_A-2139384,7977620
2,1885,SNP_A-2085489,7980910
2,1886,SNP_A-4261716,7993072
2,1887,SNP_A-1878647,7996735
2,1888,SNP_A-2240835,7997153
2,1889,SNP_A-1798055,8010409
2,1890,SNP_A-4196269,8012083
2,1891,SNP_A-1797091,8012609
2,1892,SNP_A-1793855,8015258
2,1893,SNP_A-2145777,8016073
2,1894,SNP_A-2052077,8016956
2,1895,SNP_A-1788518,8018726
2,1896,SNP_A-1797567,8018788
2,1897,SNP_A-1962023,8019566
2,1898,SNP_A-4234280,8024834
2,1899,SNP_A-2033365,8024886
2,1900,SNP_A-1891759,8025071
2,1901,SNP_A-2302667,8026494
2,1902,SNP_A-2292388,8032099
2,1903,SNP_A-2209354,8032751
2,1904,SNP_A-4203887,8033233
2,1905,SNP_A-2135427,8049119
2,1906,SNP_A-2252403,8064864
2,1907,SNP_A-4280478,8065302
2,1908,SNP_A-1854963,8076104
2,1909,SNP_A-4260100,8077281
2,1910,SNP_A-2042529,8078989
2,1911,SNP_A-1962024,8083487
2,1912,SNP_A-1962025,8083969
2,1913,SNP_A-2232910,8096186
2,1914,SNP_A-1903870,8101626
2,1915,SNP_A-4292157,8102200
2,1916,SNP_A-2294213,8103399
2,1917,SNP_A-1817306,8121521
2,1918,SNP_A-2139322,8133855
2,1919,SNP_A-4242060,8134186
2,1920,SNP_A-2276696,8146935
2,1921,SNP_A-2248680,8152690
2,1922,SNP_A-4227931,8153877
2,1923,SNP_A-2293999,8156498
2,1924,SNP_A-2137931,8156978
2,1925,SNP_A-1783328,8165364
2,1926,SNP_A-1905914,8177952
2,1927,SNP_A-1962029,8183973
2,1928,SNP_A-4207895,8190471
2,1929,SNP_A-2115440,8190677
2,1930,SNP_A-2021135,8194011
2,1931,SNP_A-1834122,8208170
2,1932,SNP_A-4221723,8208288
2,1933,SNP_A-1783719,8220422
2,1934,SNP_A-2143123,8222847
2,1935,SNP_A-4204885,8262682
2,1936,SNP_A-2021075,8276150
2,1937,SNP_A-2064873,8280720
2,1938,SNP_A-1912640,8283323
2,1939,SNP_A-2077116,8299357
2,1940,SNP_A-4261719,8301030
2,1941,SNP_A-1794482,8308638
2,1942,SNP_A-2031921,8314297
2,1943,SNP_A-4261720,8318155
2,1944,SNP_A-1962034,8318346
2,1945,SNP_A-4255074,8321006
2,1946,SNP_A-1962036,8326564
2,1947,SNP_A-1892603,8337356
2,1948,SNP_A-2313041,8342299
2,1949,SNP_A-4268954,8345733
2,1950,SNP_A-1962037,8354700
2,1951,SNP_A-2192842,8355126
2,1952,SNP_A-1809702,8358169
2,1953,SNP_A-2291735,8358288
2,1954,SNP_A-2279786,8358636
2,1955,SNP_A-2239367,8359611
2,1956,SNP_A-1868525,8360187
2,1957,SNP_A-1788546,8360211
2,1958,SNP_A-4285939,8364654
2,1959,SNP_A-2281574,8365360
2,1960,SNP_A-1869598,8365430
2,1961,SNP_A-2126825,8383937
2,1962,SNP_A-2184963,8384106
2,1963,SNP_A-2159593,8384366
2,1964,SNP_A-1808390,8388553
2,1965,SNP_A-2258803,8388687
2,1966,SNP_A-1938495,8393065
2,1967,SNP_A-1822300,8393114
2,1968,SNP_A-2238207,8395842
2,1969,SNP_A-1933648,8397404
2,1970,SNP_A-1962038,8404110
2,1971,SNP_A-4207896,8404747
2,1972,SNP_A-4207897,8405195
2,1973,SNP_A-1962039,8405236
2,1974,SNP_A-2183763,8412243
2,1975,SNP_A-4261722,8414520
2,1976,SNP_A-4199845,8418924
2,1977,SNP_A-2119202,8419189
2,1978,SNP_A-2134456,8424878
2,1979,SNP_A-2285546,8425531
2,1980,SNP_A-1875730,8436587
2,1981,SNP_A-1801419,8437959
2,1982,SNP_A-2306839,8438072
2,1983,SNP_A-2122604,8438778
2,1984,SNP_A-1796388,8441176
2,1985,SNP_A-2050695,8441338
2,1986,SNP_A-2029904,8446259
2,1987,SNP_A-4270988,8447707
2,1988,SNP_A-1799393,8455400
2,1989,SNP_A-1921475,8459181
2,1990,SNP_A-4287212,8462397
2,1991,SNP_A-2103637,8466891
2,1992,SNP_A-4296483,8469281
2,1993,SNP_A-1850092,8471504
2,1994,SNP_A-2006121,8474459
2,1995,SNP_A-2157302,8477698
2,1996,SNP_A-2060406,8483073
2,1997,SNP_A-4272843,8484336
2,1998,SNP_A-4293597,8484393
2,1999,SNP_A-4246886,8488590
2,2000,SNP_A-1875674,8494812
2,2001,SNP_A-4268955,8496756
2,2002,SNP_A-4237636,8501927
2,2003,SNP_A-2105610,8503550
2,2004,SNP_A-4245668,8509477
2,2005,SNP_A-1934318,8510586
2,2006,SNP_A-2105754,8510860
2,2007,SNP_A-1913041,8514325
2,2008,SNP_A-2281547,8516359
2,2009,SNP_A-2150090,8519279
2,2010,SNP_A-1953887,8522923
2,2011,SNP_A-1846635,8524063
2,2012,SNP_A-1863947,8525722
2,2013,SNP_A-1918630,8526734
2,2014,SNP_A-2047730,8526826
2,2015,SNP_A-2289876,8527037
2,2016,SNP_A-2195085,8527090
2,2017,SNP_A-2052087,8527737
2,2018,SNP_A-1921059,8530532
2,2019,SNP_A-1962041,8531732
2,2020,SNP_A-2006122,8531835
2,2021,SNP_A-2133342,8543557
2,2022,SNP_A-2266487,8548300
2,2023,SNP_A-1927090,8550161
2,2024,SNP_A-2029423,8570511
2,2025,SNP_A-1883625,8576300
2,2026,SNP_A-1812251,8583661
2,2027,SNP_A-4255314,8585102
2,2028,SNP_A-2103475,8585143
2,2029,SNP_A-1962043,8591035
2,2030,SNP_A-2244485,8601909
2,2031,SNP_A-1858296,8601991
2,2032,SNP_A-2287758,8607709
2,2033,SNP_A-1872914,8608376
2,2034,SNP_A-2310190,8608610
2,2035,SNP_A-2041133,8611684
2,2036,SNP_A-1962044,8624853
2,2037,SNP_A-1905214,8631875
2,2038,SNP_A-2199246,8635741
2,2039,SNP_A-1892134,8635881
2,2040,SNP_A-1889496,8636057
2,2041,SNP_A-2312427,8645910
2,2042,SNP_A-1832833,8656912
2,2043,SNP_A-2211016,8663878
2,2044,SNP_A-2153196,8667717
2,2045,SNP_A-4250594,8668124
2,2046,SNP_A-1876507,8673881
2,2047,SNP_A-2086974,8678613
2,2048,SNP_A-2312192,8688612
2,2049,SNP_A-2046874,8692282
2,2050,SNP_A-2113108,8697275
2,2051,SNP_A-2228688,8703783
2,2052,SNP_A-4261723,8704019
2,2053,SNP_A-4250650,8705870
2,2054,SNP_A-2306824,8705890
2,2055,SNP_A-2065436,8741004
2,2056,SNP_A-2041545,8746096
2,2057,SNP_A-2174636,8753653
2,2058,SNP_A-2216312,8754468
2,2059,SNP_A-1962046,8759946
2,2060,SNP_A-1912234,8761962
2,2061,SNP_A-1795176,8767324
2,2062,SNP_A-2313095,8768268
2,2063,SNP_A-1849135,8776187
2,2064,SNP_A-2006123,8780973
2,2065,SNP_A-2131559,8804631
2,2066,SNP_A-1962047,8835428
2,2067,SNP_A-4283043,8844334
2,2068,SNP_A-1823708,8844493
2,2069,SNP_A-1837152,8844660
2,2070,SNP_A-1962049,8852659
2,2071,SNP_A-2239297,8874927
2,2072,SNP_A-4195328,8885897
2,2073,SNP_A-4201984,8886008
2,2074,SNP_A-2301241,8899545
2,2075,SNP_A-2163023,8903575
2,2076,SNP_A-4207898,8906635
2,2077,SNP_A-1870782,8920055
2,2078,SNP_A-1907334,8938412
2,2079,SNP_A-1888534,8947053
2,2080,SNP_A-2006124,9012518
2,2081,SNP_A-1789196,9019382
2,2082,SNP_A-2161048,9031194
2,2083,SNP_A-1962051,9035888
2,2084,SNP_A-1962052,9066229
2,2085,SNP_A-1962053,9094655
2,2086,SNP_A-2032851,9108783
2,2087,SNP_A-2137343,9123000
2,2088,SNP_A-2285764,9132769
2,2089,SNP_A-1943668,9152306
2,2090,SNP_A-1867747,9159285
2,2091,SNP_A-2059863,9159878
2,2092,SNP_A-1808211,9164044
2,2093,SNP_A-1820633,9164476
2,2094,SNP_A-1793283,9166267
2,2095,SNP_A-2038651,9167458
2,2096,SNP_A-1855300,9167489
2,2097,SNP_A-4204641,9181282
2,2098,SNP_A-1887674,9181327
2,2099,SNP_A-2239214,9195063
2,2100,SNP_A-4250021,9200550
2,2101,SNP_A-1962054,9200619
2,2102,SNP_A-2209175,9207052
2,2103,SNP_A-2098538,9207808
2,2104,SNP_A-1885908,9219076
2,2105,SNP_A-2209172,9225351
2,2106,SNP_A-2145239,9238028
2,2107,SNP_A-2248858,9242584
2,2108,SNP_A-2295618,9245644
2,2109,SNP_A-1962055,9270706
2,2110,SNP_A-2201217,9273194
2,2111,SNP_A-4240055,9284897
2,2112,SNP_A-4261724,9290701
2,2113,SNP_A-1861492,9298717
2,2114,SNP_A-1923751,9307843
2,2115,SNP_A-2071344,9309142
2,2116,SNP_A-1792241,9314835
2,2117,SNP_A-2088834,9316295
2,2118,SNP_A-2211036,9320439
2,2119,SNP_A-2029586,9334108
2,2120,SNP_A-1856571,9335725
2,2121,SNP_A-1900761,9336585
2,2122,SNP_A-4275894,9341493
2,2123,SNP_A-2068935,9347069
2,2124,SNP_A-4271027,9351380
2,2125,SNP_A-1824433,9352592
2,2126,SNP_A-1783856,9354602
2,2127,SNP_A-2305511,9354864
2,2128,SNP_A-1897461,9356883
2,2129,SNP_A-4196261,9358353
2,2130,SNP_A-2159089,9361294
2,2131,SNP_A-2225078,9375632
2,2132,SNP_A-2142936,9375911
2,2133,SNP_A-4222610,9376857
2,2134,SNP_A-2288445,9378441
2,2135,SNP_A-4254994,9379052
2,2136,SNP_A-2278246,9408468
2,2137,SNP_A-2264695,9410748
2,2138,SNP_A-2195822,9417247
2,2139,SNP_A-2041072,9420777
2,2140,SNP_A-2191590,9422638
2,2141,SNP_A-4203682,9426581
2,2142,SNP_A-2227364,9431301
2,2143,SNP_A-4292822,9435577
2,2144,SNP_A-1863506,9437714
2,2145,SNP_A-2164786,9446745
2,2146,SNP_A-1788871,9458300
2,2147,SNP_A-1859497,9458832
2,2148,SNP_A-2191097,9464622
2,2149,SNP_A-2103903,9464814
2,2150,SNP_A-2239362,9484791
2,2151,SNP_A-2122242,9491117
2,2152,SNP_A-4281153,9512596
2,2153,SNP_A-2040855,9535098
2,2154,SNP_A-2141641,9538181
2,2155,SNP_A-1962057,9542004
2,2156,SNP_A-1962058,9542245
2,2157,SNP_A-2085354,9542900
2,2158,SNP_A-2204199,9543433
2,2159,SNP_A-1962059,9543455
2,2160,SNP_A-1962060,9550122
2,2161,SNP_A-2037958,9550588
2,2162,SNP_A-2132302,9556772
2,2163,SNP_A-1854086,9559929
2,2164,SNP_A-1935335,9563240
2,2165,SNP_A-2165763,9563839
2,2166,SNP_A-1962063,9579661
2,2167,SNP_A-1962064,9580271
2,2168,SNP_A-2136686,9601147
2,2169,SNP_A-4296685,9607528
2,2170,SNP_A-1906106,9614622
2,2171,SNP_A-2267419,9650464
2,2172,SNP_A-1962068,9652310
2,2173,SNP_A-1962069,9653517
2,2174,SNP_A-2169195,9654635
2,2175,SNP_A-1905922,9668060
2,2176,SNP_A-2219755,9683622
2,2177,SNP_A-2084263,9684892
2,2178,SNP_A-1853531,9686015
2,2179,SNP_A-1962071,9686972
2,2180,SNP_A-1793317,9687501
2,2181,SNP_A-2088068,9691129
2,2182,SNP_A-1864359,9694020
2,2183,SNP_A-4278800,9698195
2,2184,SNP_A-4233740,9702497
2,2185,SNP_A-4195778,9704146
2,2186,SNP_A-1857238,9705766
2,2187,SNP_A-2047421,9713208
2,2188,SNP_A-1962073,9725153
2,2189,SNP_A-1962074,9725380
2,2190,SNP_A-2131414,9733050
2,2191,SNP_A-2270326,9740650
2,2192,SNP_A-4258363,9740757
2,2193,SNP_A-4261725,9751479
2,2194,SNP_A-1840967,9753029
2,2195,SNP_A-2223769,9766979
2,2196,SNP_A-2103544,9767789
2,2197,SNP_A-2253968,9773188
2,2198,SNP_A-1882302,9774791
2,2199,SNP_A-2141683,9774943
2,2200,SNP_A-2112560,9782998
2,2201,SNP_A-2257286,9786718
2,2202,SNP_A-2138431,9799440
2,2203,SNP_A-4246781,9803486
2,2204,SNP_A-4300571,9803994
2,2205,SNP_A-2088047,9807603
2,2206,SNP_A-2283096,9808013
2,2207,SNP_A-4196994,9808255
2,2208,SNP_A-4242039,9810601
2,2209,SNP_A-4259916,9817357
2,2210,SNP_A-2263941,9820353
2,2211,SNP_A-1857202,9820576
2,2212,SNP_A-1956698,9821239
2,2213,SNP_A-1805358,9825642
2,2214,SNP_A-2241421,9826352
2,2215,SNP_A-1916860,9837210
2,2216,SNP_A-2245892,9839708
2,2217,SNP_A-2277652,9848545
2,2218,SNP_A-2029177,9854486
2,2219,SNP_A-4222466,9858980
2,2220,SNP_A-2048736,9865926
2,2221,SNP_A-4278168,9866188
2,2222,SNP_A-2006128,9872219
2,2223,SNP_A-1864460,9906893
2,2224,SNP_A-2167097,9907433
2,2225,SNP_A-2089296,9908978
2,2226,SNP_A-2045260,9911541
2,2227,SNP_A-1962076,9925182
2,2228,SNP_A-2233179,9926323
2,2229,SNP_A-2130949,9946891
2,2230,SNP_A-4200138,9948855
2,2231,SNP_A-1896334,9950762
2,2232,SNP_A-2274546,9953321
2,2233,SNP_A-4221965,9963734
2,2234,SNP_A-1824171,9964148
2,2235,SNP_A-4207900,9964947
2,2236,SNP_A-1807779,9966952
2,2237,SNP_A-2177859,9969662
2,2238,SNP_A-2139871,9969708
2,2239,SNP_A-1930328,9973969
2,2240,SNP_A-2050928,9982242
2,2241,SNP_A-1788327,10000083
2,2242,SNP_A-2201830,10003173
2,2243,SNP_A-2248993,10007173
2,2244,SNP_A-2258466,10012443
2,2245,SNP_A-1923256,10012825
2,2246,SNP_A-1962078,10014545
2,2247,SNP_A-2107456,10015678
2,2248,SNP_A-2233165,10019120
2,2249,SNP_A-4261729,10029352
2,2250,SNP_A-1829169,10035319
2,2251,SNP_A-1856419,10036135
2,2252,SNP_A-4205249,10042107
2,2253,SNP_A-1962080,10047562
2,2254,SNP_A-2165914,10054666
2,2255,SNP_A-1879146,10055550
2,2256,SNP_A-1962081,10058102
2,2257,SNP_A-1962082,10058642
2,2258,SNP_A-2310290,10080779
2,2259,SNP_A-2151719,10094609
2,2260,SNP_A-2298833,10107150
2,2261,SNP_A-1848180,10107286
2,2262,SNP_A-1794436,10110629
2,2263,SNP_A-4196477,10111643
2,2264,SNP_A-2265785,10112991
2,2265,SNP_A-2260184,10136397
2,2266,SNP_A-2178574,10143258
2,2267,SNP_A-1928659,10151206
2,2268,SNP_A-2099163,10152028
2,2269,SNP_A-2310938,10154345
2,2270,SNP_A-2234445,10156004
2,2271,SNP_A-2174578,10157626
2,2272,SNP_A-1962083,10193197
2,2273,SNP_A-1962084,10193265
2,2274,SNP_A-1906370,10198965
2,2275,SNP_A-4230625,10203817
2,2276,SNP_A-2201511,10203917
2,2277,SNP_A-2021131,10208865
2,2278,SNP_A-2050854,10211140
2,2279,SNP_A-1831252,10213937
2,2280,SNP_A-1796303,10219068
2,2281,SNP_A-1946378,10223192
2,2282,SNP_A-2292729,10223379
2,2283,SNP_A-1883499,10224846
2,2284,SNP_A-4239828,10232047
2,2285,SNP_A-2219383,10238661
2,2286,SNP_A-2251223,10240290
2,2287,SNP_A-2024410,10258919
2,2288,SNP_A-2174476,10264593
2,2289,SNP_A-2245509,10286322
2,2290,SNP_A-2236139,10286414
2,2291,SNP_A-2292305,10286574
2,2292,SNP_A-2023005,10286642
2,2293,SNP_A-4275359,10287426
2,2294,SNP_A-1785538,10287524
2,2295,SNP_A-2208294,10287566
2,2296,SNP_A-2305523,10287600
2,2297,SNP_A-1904080,10290351
2,2298,SNP_A-2214436,10294143
2,2299,SNP_A-1962085,10297660
2,2300,SNP_A-4252262,10301740
2,2301,SNP_A-2294161,10323447
2,2302,SNP_A-2111987,10324028
2,2303,SNP_A-2306245,10334445
2,2304,SNP_A-2087819,10339793
2,2305,SNP_A-4201948,10340390
2,2306,SNP_A-1962087,10342337
2,2307,SNP_A-2084400,10352165
2,2308,SNP_A-2094953,10353849
2,2309,SNP_A-2127553,10356072
2,2310,SNP_A-1962088,10358438
2,2311,SNP_A-2232946,10367849
2,2312,SNP_A-2266692,10368562
2,2313,SNP_A-2201789,10368616
2,2314,SNP_A-4294431,10385170
2,2315,SNP_A-2208297,10385274
2,2316,SNP_A-1846959,10385528
2,2317,SNP_A-1962090,10385747
2,2318,SNP_A-2303823,10385948
2,2319,SNP_A-4250877,10396387
2,2320,SNP_A-1892895,10397749
2,2321,SNP_A-2184773,10414466
2,2322,SNP_A-2235458,10415869
2,2323,SNP_A-2205792,10428308
2,2324,SNP_A-1864574,10437298
2,2325,SNP_A-1884565,10439554
2,2326,SNP_A-2187205,10454767
2,2327,SNP_A-4294258,10457837
2,2328,SNP_A-1827939,10471349
2,2329,SNP_A-1887951,10481364
2,2330,SNP_A-1783464,10483865
2,2331,SNP_A-4242770,10490649
2,2332,SNP_A-1962094,10500241
2,2333,SNP_A-1962095,10500611
2,2334,SNP_A-2253570,10513029
2,2335,SNP_A-2090366,10517869
2,2336,SNP_A-2073940,10533665
2,2337,SNP_A-4192945,10542105
2,2338,SNP_A-1962096,10561088
2,2339,SNP_A-1803228,10565341
2,2340,SNP_A-2231261,10566308
2,2341,SNP_A-4296272,10574476
2,2342,SNP_A-2243843,10585565
2,2343,SNP_A-1784801,10588263
2,2344,SNP_A-1896533,10588476
2,2345,SNP_A-2277845,10588635
2,2346,SNP_A-1942487,10588786
2,2347,SNP_A-2094186,10589484
2,2348,SNP_A-2144022,10589804
2,2349,SNP_A-2241519,10592822
2,2350,SNP_A-1916317,10593000
2,2351,SNP_A-2120154,10606420
2,2352,SNP_A-2136942,10607340
2,2353,SNP_A-1800303,10614684
2,2354,SNP_A-2253414,10617690
2,2355,SNP_A-1812183,10631383
2,2356,SNP_A-2121249,10634733
2,2357,SNP_A-2164666,10635165
2,2358,SNP_A-1909247,10637505
2,2359,SNP_A-2146847,10638661
2,2360,SNP_A-2097209,10639093
2,2361,SNP_A-4282924,10645198
2,2362,SNP_A-4227302,10649659
2,2363,SNP_A-4236028,10649675
2,2364,SNP_A-1806690,10650639
2,2365,SNP_A-2084571,10651643
2,2366,SNP_A-4286152,10652217
2,2367,SNP_A-4288585,10652283
2,2368,SNP_A-1962097,10658292
2,2369,SNP_A-4261106,10662325
2,2370,SNP_A-4282428,10662340
2,2371,SNP_A-2026249,10664464
2,2372,SNP_A-2042418,10668697
2,2373,SNP_A-2293180,10675008
2,2374,SNP_A-4221155,10678025
2,2375,SNP_A-2259304,10697319
2,2376,SNP_A-2255965,10746867
2,2377,SNP_A-1809911,10758162
2,2378,SNP_A-1790705,10763198
2,2379,SNP_A-2238064,10789036
2,2380,SNP_A-2093697,10791963
2,2381,SNP_A-1789690,10793409
2,2382,SNP_A-2029182,10793873
2,2383,SNP_A-2265657,10796218
2,2384,SNP_A-4300501,10818446
2,2385,SNP_A-2204699,10819621
2,2386,SNP_A-4300847,10822758
2,2387,SNP_A-1845386,10828302
2,2388,SNP_A-4300705,10829003
2,2389,SNP_A-1889074,10830115
2,2390,SNP_A-2131007,10839752
2,2391,SNP_A-4206967,10845701
2,2392,SNP_A-1841347,10845838
2,2393,SNP_A-2193381,10846228
2,2394,SNP_A-2152161,10849533
2,2395,SNP_A-2036046,10849658
2,2396,SNP_A-4261730,10850199
2,2397,SNP_A-1962100,10852675
2,2398,SNP_A-1962101,10853543
2,2399,SNP_A-1962102,10853573
2,2400,SNP_A-1962103,10854160
2,2401,SNP_A-1962104,10854256
2,2402,SNP_A-1962105,10854488
2,2403,SNP_A-1962106,10854516
2,2404,SNP_A-4261731,10854860
2,2405,SNP_A-4261732,10858989
2,2406,SNP_A-1944808,10859195
2,2407,SNP_A-1932711,10859862
2,2408,SNP_A-2239822,10860018
2,2409,SNP_A-4251596,10860153
2,2410,SNP_A-4278792,10861113
2,2411,SNP_A-2079886,10861333
2,2412,SNP_A-4207903,10865391
2,2413,SNP_A-4196743,10865444
2,2414,SNP_A-2095897,10865541
2,2415,SNP_A-1962109,10865999
2,2416,SNP_A-2165532,10866282
2,2417,SNP_A-4216146,10869362
2,2418,SNP_A-2097833,10875063
2,2419,SNP_A-4261734,10880978
2,2420,SNP_A-4295993,10887439
2,2421,SNP_A-1801521,10896161
2,2422,SNP_A-1795414,10908992
2,2423,SNP_A-1808357,10919310
2,2424,SNP_A-1953692,10919782
2,2425,SNP_A-2096048,10933258
2,2426,SNP_A-2210411,10935452
2,2427,SNP_A-4272034,10939182
2,2428,SNP_A-2280234,10941809
2,2429,SNP_A-1887047,10943182
2,2430,SNP_A-1915464,10944404
2,2431,SNP_A-2296931,10947988
2,2432,SNP_A-1912572,10948507
2,2433,SNP_A-1782545,10948881
2,2434,SNP_A-2084104,10948999
2,2435,SNP_A-2067556,10949022
2,2436,SNP_A-1788984,10949239
2,2437,SNP_A-4278834,10949444
2,2438,SNP_A-1785110,10950725
2,2439,SNP_A-1818735,10951018
2,2440,SNP_A-2087776,10952881
2,2441,SNP_A-2152852,10959094
2,2442,SNP_A-2156108,10962525
2,2443,SNP_A-2282510,10978607
2,2444,SNP_A-2300841,10981799
2,2445,SNP_A-2036391,10982079
2,2446,SNP_A-1789783,10999213
2,2447,SNP_A-2192993,11000546
2,2448,SNP_A-2064450,11001047
2,2449,SNP_A-4251835,11001423
2,2450,SNP_A-2263292,11003195
2,2451,SNP_A-4221946,11003391
2,2452,SNP_A-1892366,11005433
2,2453,SNP_A-2061993,11010852
2,2454,SNP_A-2068408,11020610
2,2455,SNP_A-2006134,11020947
2,2456,SNP_A-1935016,11024696
2,2457,SNP_A-4286176,11027962
2,2458,SNP_A-1816799,11028997
2,2459,SNP_A-4234323,11030982
2,2460,SNP_A-2234141,11036287
2,2461,SNP_A-1789967,11052055
2,2462,SNP_A-4216780,11052572
2,2463,SNP_A-1886673,11052591
2,2464,SNP_A-4207904,11052819
2,2465,SNP_A-4207905,11053254
2,2466,SNP_A-2092331,11053341
2,2467,SNP_A-2058527,11061841
2,2468,SNP_A-4228800,11062090
2,2469,SNP_A-2156677,11062275
2,2470,SNP_A-2176258,11064704
2,2471,SNP_A-4261735,11067829
2,2472,SNP_A-2006135,11069048
2,2473,SNP_A-2206036,11071522
2,2474,SNP_A-2299868,11071721
2,2475,SNP_A-1884906,11076741
2,2476,SNP_A-2194316,11077915
2,2477,SNP_A-1896211,11079420
2,2478,SNP_A-1863487,11079731
2,2479,SNP_A-2039536,11086479
2,2480,SNP_A-2242076,11106583
2,2481,SNP_A-2183175,11107300
2,2482,SNP_A-2006136,11124775
2,2483,SNP_A-1857967,11133773
2,2484,SNP_A-2298400,11154485
2,2485,SNP_A-1830262,11154570
2,2486,SNP_A-2255715,11165264
2,2487,SNP_A-4260639,11174945
2,2488,SNP_A-4294694,11175177
2,2489,SNP_A-2037180,11175597
2,2490,SNP_A-1938320,11176375
2,2491,SNP_A-2205578,11198552
2,2492,SNP_A-1886645,11201866
2,2493,SNP_A-4256261,11202219
2,2494,SNP_A-2300755,11203144
2,2495,SNP_A-4217561,11203264
2,2496,SNP_A-2247000,11203541
2,2497,SNP_A-1905089,11205398
2,2498,SNP_A-2068999,11218320
2,2499,SNP_A-2088374,11238119
2,2500,SNP_A-2115028,11238328
2,2501,SNP_A-4207906,11250659
2,2502,SNP_A-1962115,11257649
2,2503,SNP_A-1865894,11268055
2,2504,SNP_A-1962116,11271759
2,2505,SNP_A-2116663,11283451
2,2506,SNP_A-2159529,11298564
2,2507,SNP_A-1852176,11300280
2,2508,SNP_A-4194175,11301969
2,2509,SNP_A-1855438,11303026
2,2510,SNP_A-4195335,11303285
2,2511,SNP_A-2273419,11314579
2,2512,SNP_A-4253893,11315334
2,2513,SNP_A-2044012,11364279
2,2514,SNP_A-2152190,11366409
2,2515,SNP_A-2156093,11368076
2,2516,SNP_A-4207907,11374338
2,2517,SNP_A-4285277,11389988
2,2518,SNP_A-2076332,11410465
2,2519,SNP_A-4295450,11414508
2,2520,SNP_A-2040205,11417509
2,2521,SNP_A-2285078,11420107
2,2522,SNP_A-2167896,11420624
2,2523,SNP_A-1854303,11426931
2,2524,SNP_A-2122374,11429488
2,2525,SNP_A-2069816,11429880
2,2526,SNP_A-1906115,11430016
2,2527,SNP_A-1926385,11446961
2,2528,SNP_A-4274504,11447687
2,2529,SNP_A-2208187,11447764
2,2530,SNP_A-2227759,11447820
2,2531,SNP_A-2299702,11448167
2,2532,SNP_A-4219034,11448586
2,2533,SNP_A-2006138,11449341
2,2534,SNP_A-2195909,11454903
2,2535,SNP_A-2266753,11457940
2,2536,SNP_A-2066683,11478414
2,2537,SNP_A-2269819,11479223
2,2538,SNP_A-1833512,11490166
2,2539,SNP_A-4233104,11490266
2,2540,SNP_A-1888162,11490357
2,2541,SNP_A-1838342,11493864
2,2542,SNP_A-4294980,11493976
2,2543,SNP_A-2080538,11501448
2,2544,SNP_A-4289425,11518655
2,2545,SNP_A-1801185,11557114
2,2546,SNP_A-1912961,11561300
2,2547,SNP_A-1813753,11562387
2,2548,SNP_A-4244705,11565137
2,2549,SNP_A-1953462,11566998
2,2550,SNP_A-4287043,11569910
2,2551,SNP_A-1906006,11570123
2,2552,SNP_A-2181858,11573761
2,2553,SNP_A-1962119,11581800
2,2554,SNP_A-2241592,11592597
2,2555,SNP_A-2227026,11592923
2,2556,SNP_A-4302924,11593040
2,2557,SNP_A-1951319,11593516
2,2558,SNP_A-2069185,11594900
2,2559,SNP_A-4261737,11610057
2,2560,SNP_A-1962120,11610115
2,2561,SNP_A-4303325,11622197
2,2562,SNP_A-2078506,11624343
2,2563,SNP_A-4293331,11639533
2,2564,SNP_A-4300686,11640575
2,2565,SNP_A-2238695,11644538
2,2566,SNP_A-2217135,11644958
2,2567,SNP_A-4192895,11649225
2,2568,SNP_A-2266450,11649297
2,2569,SNP_A-1798801,11656216
2,2570,SNP_A-2232995,11659180
2,2571,SNP_A-1938361,11671406
2,2572,SNP_A-4249917,11674474
2,2573,SNP_A-4261738,11678760
2,2574,SNP_A-1791325,11685625
2,2575,SNP_A-2006140,11686323
2,2576,SNP_A-1812693,11687225
2,2577,SNP_A-1941219,11688136
2,2578,SNP_A-1909477,11692174
2,2579,SNP_A-2045788,11701359
2,2580,SNP_A-2115176,11704690
2,2581,SNP_A-2006141,11707436
2,2582,SNP_A-1869903,11707994
2,2583,SNP_A-2200600,11710308
2,2584,SNP_A-1807707,11726315
2,2585,SNP_A-2245277,11732943
2,2586,SNP_A-4218172,11740888
2,2587,SNP_A-2087689,11749187
2,2588,SNP_A-4220614,11749954
2,2589,SNP_A-2095842,11753310
2,2590,SNP_A-2096923,11758552
2,2591,SNP_A-2237722,11760389
2,2592,SNP_A-4286180,11761158
2,2593,SNP_A-2303503,11769761
2,2594,SNP_A-2299274,11770058
2,2595,SNP_A-2138435,11784876
2,2596,SNP_A-2258203,11787023
2,2597,SNP_A-2156741,11796625
2,2598,SNP_A-1933533,11797073
2,2599,SNP_A-2297618,11801682
2,2600,SNP_A-2051740,11816382
2,2601,SNP_A-1879269,11816539
2,2602,SNP_A-2196037,11828169
2,2603,SNP_A-4199898,11830889
2,2604,SNP_A-2218288,11832392
2,2605,SNP_A-2126823,11832672
2,2606,SNP_A-4261739,11835356
2,2607,SNP_A-1790666,11840438
2,2608,SNP_A-1867795,11847730
2,2609,SNP_A-2037793,11854042
2,2610,SNP_A-4253863,11879528
2,2611,SNP_A-1874321,11889941
2,2612,SNP_A-2039470,11909044
2,2613,SNP_A-2212848,11920052
2,2614,SNP_A-1814487,11920136
2,2615,SNP_A-2193394,11920884
2,2616,SNP_A-4250904,11921110
2,2617,SNP_A-2167084,11930516
2,2618,SNP_A-2266918,11933214
2,2619,SNP_A-2166701,11954943
2,2620,SNP_A-2072152,11962723
2,2621,SNP_A-1870436,11962908
2,2622,SNP_A-1962124,11972282
2,2623,SNP_A-1962125,11972511
2,2624,SNP_A-1954401,11981923
2,2625,SNP_A-2247748,11985301
2,2626,SNP_A-1837506,11985712
2,2627,SNP_A-2280232,11986619
2,2628,SNP_A-2313444,11986833
2,2629,SNP_A-2153004,11990377
2,2630,SNP_A-2312435,11996161
2,2631,SNP_A-1962126,12002376
2,2632,SNP_A-4214552,12006519
2,2633,SNP_A-1884563,12007398
2,2634,SNP_A-2170252,12016178
2,2635,SNP_A-2142587,12016545
2,2636,SNP_A-1929857,12019505
2,2637,SNP_A-2243192,12025884
2,2638,SNP_A-1962127,12028711
2,2639,SNP_A-2276045,12031594
2,2640,SNP_A-2229805,12036785
2,2641,SNP_A-2267863,12038713
2,2642,SNP_A-2095539,12046780
2,2643,SNP_A-2314879,12048760
2,2644,SNP_A-1943049,12051117
2,2645,SNP_A-2191114,12056670
2,2646,SNP_A-1878321,12060549
2,2647,SNP_A-1907835,12061149
2,2648,SNP_A-2135039,12061486
2,2649,SNP_A-2056871,12063463
2,2650,SNP_A-1895673,12063796
2,2651,SNP_A-4232430,12064320
2,2652,SNP_A-2286552,12064627
2,2653,SNP_A-4200245,12067132
2,2654,SNP_A-1933911,12067567
2,2655,SNP_A-1962129,12067818
2,2656,SNP_A-1962130,12067857
2,2657,SNP_A-1939701,12080676
2,2658,SNP_A-2024674,12084327
2,2659,SNP_A-1962132,12094704
2,2660,SNP_A-2212851,12097675
2,2661,SNP_A-4217290,12099861
2,2662,SNP_A-1962133,12112349
2,2663,SNP_A-2114189,12113233
2,2664,SNP_A-2296125,12114219
2,2665,SNP_A-4201251,12115499
2,2666,SNP_A-1962134,12116669
2,2667,SNP_A-2296966,12118548
2,2668,SNP_A-2170263,12123644
2,2669,SNP_A-2241372,12125766
2,2670,SNP_A-2083847,12126241
2,2671,SNP_A-1962135,12130294
2,2672,SNP_A-1937622,12139139
2,2673,SNP_A-2146748,12147120
2,2674,SNP_A-2291245,12147377
2,2675,SNP_A-1871675,12155807
2,2676,SNP_A-2226617,12157233
2,2677,SNP_A-4273211,12158473
2,2678,SNP_A-1962139,12161122
2,2679,SNP_A-2180628,12161411
2,2680,SNP_A-1962140,12164191
2,2681,SNP_A-2282835,12164208
2,2682,SNP_A-1962141,12164266
2,2683,SNP_A-2006142,12164762
2,2684,SNP_A-1962142,12165101
2,2685,SNP_A-1962143,12165935
2,2686,SNP_A-2050417,12169801
2,2687,SNP_A-1871756,12175894
2,2688,SNP_A-2191591,12178821
2,2689,SNP_A-2060734,12183816
2,2690,SNP_A-1918210,12186199
2,2691,SNP_A-1868859,12187198
2,2692,SNP_A-1890279,12188138
2,2693,SNP_A-2099665,12189297
2,2694,SNP_A-2264612,12190544
2,2695,SNP_A-1784533,12191473
2,2696,SNP_A-4257516,12192154
2,2697,SNP_A-1962144,12197847
2,2698,SNP_A-2190974,12200726
2,2699,SNP_A-2096518,12200951
2,2700,SNP_A-2279039,12210576
2,2701,SNP_A-2138047,12212326
2,2702,SNP_A-2168759,12213089
2,2703,SNP_A-2157486,12221040
2,2704,SNP_A-4207908,12222204
2,2705,SNP_A-2145197,12224656
2,2706,SNP_A-2073692,12232506
2,2707,SNP_A-4222986,12233042
2,2708,SNP_A-2153752,12233137
2,2709,SNP_A-2217340,12233521
2,2710,SNP_A-2248383,12233577
2,2711,SNP_A-2296511,12235917
2,2712,SNP_A-2144551,12236451
2,2713,SNP_A-2215877,12236756
2,2714,SNP_A-1954324,12239839
2,2715,SNP_A-2200878,12240055
2,2716,SNP_A-2144907,12243487
2,2717,SNP_A-2225251,12252789
2,2718,SNP_A-2189332,12257527
2,2719,SNP_A-1880106,12259976
2,2720,SNP_A-2111795,12260177
2,2721,SNP_A-2206499,12260390
2,2722,SNP_A-1819421,12261925
2,2723,SNP_A-4243195,12262148
2,2724,SNP_A-1962145,12272115
2,2725,SNP_A-2094015,12273736
2,2726,SNP_A-1912190,12279957
2,2727,SNP_A-2173034,12281000
2,2728,SNP_A-1821947,12282671
2,2729,SNP_A-2145039,12282715
2,2730,SNP_A-2087810,12284359
2,2731,SNP_A-1931993,12316501
2,2732,SNP_A-2203023,12319436
2,2733,SNP_A-1787454,12319918
2,2734,SNP_A-1781578,12320731
2,2735,SNP_A-1962146,12324257
2,2736,SNP_A-2034096,12326604
2,2737,SNP_A-1832230,12332046
2,2738,SNP_A-2101029,12333391
2,2739,SNP_A-4221919,12335521
2,2740,SNP_A-2302296,12335983
2,2741,SNP_A-1900606,12339053
2,2742,SNP_A-1909190,12339159
2,2743,SNP_A-2270783,12339574
2,2744,SNP_A-2069167,12339669
2,2745,SNP_A-1962147,12348891
2,2746,SNP_A-4261741,12351701
2,2747,SNP_A-1962150,12351728
2,2748,SNP_A-2082981,12351809
2,2749,SNP_A-2272016,12355021
2,2750,SNP_A-1803304,12355644
2,2751,SNP_A-2119219,12359640
2,2752,SNP_A-2081501,12359988
2,2753,SNP_A-1823200,12362227
2,2754,SNP_A-4198261,12363629
2,2755,SNP_A-2088239,12368158
2,2756,SNP_A-1954495,12368291
2,2757,SNP_A-4304396,12369037
2,2758,SNP_A-1930083,12369126
2,2759,SNP_A-1896906,12370011
2,2760,SNP_A-1860479,12370715
2,2761,SNP_A-4290536,12376231
2,2762,SNP_A-1962151,12377996
2,2763,SNP_A-2282077,12380970
2,2764,SNP_A-2252882,12381042
2,2765,SNP_A-1858504,12382825
2,2766,SNP_A-2188564,12388363
2,2767,SNP_A-4237094,12392604
2,2768,SNP_A-2204908,12392665
2,2769,SNP_A-1810986,12392838
2,2770,SNP_A-2006145,12400862
2,2771,SNP_A-1842727,12403443
2,2772,SNP_A-2178244,12413118
2,2773,SNP_A-2041812,12413541
2,2774,SNP_A-2081575,12417116
2,2775,SNP_A-1930548,12417166
2,2776,SNP_A-1785443,12417183
2,2777,SNP_A-1958742,12441172
2,2778,SNP_A-2176205,12441504
2,2779,SNP_A-2136051,12448648
2,2780,SNP_A-2194398,12449984
2,2781,SNP_A-2294079,12454151
2,2782,SNP_A-4203045,12467676
2,2783,SNP_A-4256076,12475510
2,2784,SNP_A-1784316,12486354
2,2785,SNP_A-4229271,12486447
2,2786,SNP_A-4193801,12490398
2,2787,SNP_A-2102273,12494255
2,2788,SNP_A-1943019,12496630
2,2789,SNP_A-2058480,12496917
2,2790,SNP_A-1851702,12503900
2,2791,SNP_A-1962153,12506659
2,2792,SNP_A-1962154,12509146
2,2793,SNP_A-2043675,12512866
2,2794,SNP_A-2118821,12528551
2,2795,SNP_A-4200567,12534958
2,2796,SNP_A-1952413,12536048
2,2797,SNP_A-2195744,12553194
2,2798,SNP_A-2254748,12563562
2,2799,SNP_A-4289076,12570382
2,2800,SNP_A-2006146,12576263
2,2801,SNP_A-1844406,12577599
2,2802,SNP_A-4252121,12593877
2,2803,SNP_A-4300424,12596159
2,2804,SNP_A-1954660,12599286
2,2805,SNP_A-4222285,12602820
2,2806,SNP_A-2141894,12603372
2,2807,SNP_A-2186486,12605903
2,2808,SNP_A-4206258,12606793
2,2809,SNP_A-4286075,12617025
2,2810,SNP_A-1962156,12645067
2,2811,SNP_A-2290268,12648203
2,2812,SNP_A-1918294,12662871
2,2813,SNP_A-1826322,12676983
2,2814,SNP_A-1801658,12677915
2,2815,SNP_A-2158205,12693754
2,2816,SNP_A-1937301,12694310
2,2817,SNP_A-2297008,12697264
2,2818,SNP_A-2254808,12697947
2,2819,SNP_A-1894410,12699072
2,2820,SNP_A-1887022,12700041
2,2821,SNP_A-2279671,12705364
2,2822,SNP_A-1962159,12711781
2,2823,SNP_A-1909988,12712291
2,2824,SNP_A-2211143,12713051
2,2825,SNP_A-4230834,12720996
2,2826,SNP_A-1944635,12721887
2,2827,SNP_A-2237308,12723431
2,2828,SNP_A-4280493,12733679
2,2829,SNP_A-2245535,12739326
2,2830,SNP_A-2300603,12744709
2,2831,SNP_A-1962160,12746424
2,2832,SNP_A-1962161,12746697
2,2833,SNP_A-2213200,12751621
2,2834,SNP_A-4261742,12753233
2,2835,SNP_A-2279980,12758896
2,2836,SNP_A-1962162,12760448
2,2837,SNP_A-1869838,12762819
2,2838,SNP_A-1906376,12767814
2,2839,SNP_A-1804306,12768571
2,2840,SNP_A-1962163,12769584
2,2841,SNP_A-1861732,12781221
2,2842,SNP_A-1962164,12784955
2,2843,SNP_A-1962165,12785443
2,2844,SNP_A-2179831,12789114
2,2845,SNP_A-2268606,12791007
2,2846,SNP_A-4241171,12793919
2,2847,SNP_A-1872920,12796093
2,2848,SNP_A-1870080,12796119
2,2849,SNP_A-1962166,12803771
2,2850,SNP_A-1957270,12814164
2,2851,SNP_A-2135248,12815798
2,2852,SNP_A-2179796,12815911
2,2853,SNP_A-4280607,12834370
2,2854,SNP_A-1818751,12853641
2,2855,SNP_A-1864247,12853737
2,2856,SNP_A-2106549,12855401
2,2857,SNP_A-1795266,12879766
2,2858,SNP_A-2144234,12881879
2,2859,SNP_A-4245544,12881961
2,2860,SNP_A-2162951,12882539
2,2861,SNP_A-1869270,12887344
2,2862,SNP_A-4251621,12887423
2,2863,SNP_A-4279052,12887438
2,2864,SNP_A-1962167,12887606
2,2865,SNP_A-2060999,12887823
2,2866,SNP_A-2116518,12902413
2,2867,SNP_A-2294921,12913233
2,2868,SNP_A-2173415,12916983
2,2869,SNP_A-4261743,12926205
2,2870,SNP_A-1791478,12935784
2,2871,SNP_A-2292028,12940744
2,2872,SNP_A-2148989,12944525
2,2873,SNP_A-2263248,12944583
2,2874,SNP_A-1962168,12953425
2,2875,SNP_A-2201491,12961335
2,2876,SNP_A-2238284,12983971
2,2877,SNP_A-1962169,12991013
2,2878,SNP_A-4207909,12998058
2,2879,SNP_A-1962170,12999145
2,2880,SNP_A-1955888,13000852
2,2881,SNP_A-1887872,13001247
2,2882,SNP_A-2282258,13006478
2,2883,SNP_A-1855352,13006523
2,2884,SNP_A-4249910,13006677
2,2885,SNP_A-2097861,13010482
2,2886,SNP_A-1913670,13012151
2,2887,SNP_A-2032192,13026840
2,2888,SNP_A-2099129,13027050
2,2889,SNP_A-2261328,13037462
2,2890,SNP_A-2226771,13047528
2,2891,SNP_A-2055553,13048314
2,2892,SNP_A-4286643,13050817
2,2893,SNP_A-4259714,13051562
2,2894,SNP_A-4245366,13056966
2,2895,SNP_A-1786285,13059390
2,2896,SNP_A-2053143,13059624
2,2897,SNP_A-1793247,13059866
2,2898,SNP_A-2223699,13077798
2,2899,SNP_A-2245038,13082577
2,2900,SNP_A-4207910,13083820
2,2901,SNP_A-1816435,13110299
2,2902,SNP_A-2242897,13113526
2,2903,SNP_A-2050549,13117593
2,2904,SNP_A-4207911,13120382
2,2905,SNP_A-1962172,13122117
2,2906,SNP_A-1824052,13162859
2,2907,SNP_A-2042793,13168471
2,2908,SNP_A-2152348,13178954
2,2909,SNP_A-2214983,13188352
2,2910,SNP_A-2225197,13193248
2,2911,SNP_A-4261136,13193330
2,2912,SNP_A-1834601,13197396
2,2913,SNP_A-4278171,13206377
2,2914,SNP_A-2131759,13206469
2,2915,SNP_A-1871394,13218110
2,2916,SNP_A-2143441,13235339
2,2917,SNP_A-1829753,13236935
2,2918,SNP_A-4193795,13238513
2,2919,SNP_A-1874636,13240672
2,2920,SNP_A-1962173,13247664
2,2921,SNP_A-1822211,13248299
2,2922,SNP_A-2006150,13270183
2,2923,SNP_A-1931138,13277589
2,2924,SNP_A-1902136,13277988
2,2925,SNP_A-1838220,13279518
2,2926,SNP_A-1962174,13287404
2,2927,SNP_A-1962175,13287544
2,2928,SNP_A-1929659,13288171
2,2929,SNP_A-2292489,13297483
2,2930,SNP_A-1832251,13299555
2,2931,SNP_A-2046787,13313164
2,2932,SNP_A-1816625,13334160
2,2933,SNP_A-2055073,13357701
2,2934,SNP_A-4250335,13368216
2,2935,SNP_A-1918190,13398164
2,2936,SNP_A-4253470,13409519
2,2937,SNP_A-2298555,13421182
2,2938,SNP_A-2274768,13426410
2,2939,SNP_A-2063575,13431747
2,2940,SNP_A-1949102,13447183
2,2941,SNP_A-1944280,13467179
2,2942,SNP_A-1962177,13493922
2,2943,SNP_A-2243085,13500735
2,2944,SNP_A-4275244,13516344
2,2945,SNP_A-2242639,13519088
2,2946,SNP_A-4207912,13519610
2,2947,SNP_A-4248207,13524162
2,2948,SNP_A-2183019,13532768
2,2949,SNP_A-2068020,13534032
2,2950,SNP_A-1962181,13534815
2,2951,SNP_A-1962182,13536021
2,2952,SNP_A-4249356,13537267
2,2953,SNP_A-4249192,13537462
2,2954,SNP_A-2228911,13539499
2,2955,SNP_A-2199360,13542821
2,2956,SNP_A-4277064,13543565
2,2957,SNP_A-1913438,13544455
2,2958,SNP_A-2080353,13548812
2,2959,SNP_A-1884930,13569460
2,2960,SNP_A-2085250,13569546
2,2961,SNP_A-4261744,13579694
2,2962,SNP_A-4277011,13580410
2,2963,SNP_A-1847562,13580480
2,2964,SNP_A-2140376,13594313
2,2965,SNP_A-2138244,13595142
2,2966,SNP_A-2131160,13597279
2,2967,SNP_A-2176606,13597311
2,2968,SNP_A-1962184,13597890
2,2969,SNP_A-4288101,13599313
2,2970,SNP_A-2148670,13599568
2,2971,SNP_A-2159756,13602581
2,2972,SNP_A-2043555,13603158
2,2973,SNP_A-4200970,13603732
2,2974,SNP_A-1934481,13604321
2,2975,SNP_A-2271942,13607199
2,2976,SNP_A-2118459,13607504
2,2977,SNP_A-2252261,13614711
2,2978,SNP_A-1900646,13615588
2,2979,SNP_A-1826923,13616938
2,2980,SNP_A-4201644,13633992
2,2981,SNP_A-2140203,13640372
2,2982,SNP_A-4206645,13640431
2,2983,SNP_A-2204208,13640819
2,2984,SNP_A-4225513,13643345
2,2985,SNP_A-2220482,13645038
2,2986,SNP_A-2289658,13661320
2,2987,SNP_A-1941323,13688776
2,2988,SNP_A-2036721,13689329
2,2989,SNP_A-2057708,13690405
2,2990,SNP_A-4287982,13705859
2,2991,SNP_A-2295847,13710443
2,2992,SNP_A-1890940,13721877
2,2993,SNP_A-4226894,13727557
2,2994,SNP_A-4228962,13727580
2,2995,SNP_A-1945303,13747324
2,2996,SNP_A-1962186,13756931
2,2997,SNP_A-2067574,13760549
2,2998,SNP_A-1962187,13764185
2,2999,SNP_A-1962188,13766390
2,3000,SNP_A-2267373,13780179
2,3001,SNP_A-2069224,13809543
2,3002,SNP_A-2157577,13825283
2,3003,SNP_A-4207913,13827170
2,3004,SNP_A-2137438,13828162
2,3005,SNP_A-1962189,13836056
2,3006,SNP_A-4249563,13838032
2,3007,SNP_A-4288863,13847969
2,3008,SNP_A-4229325,13851835
2,3009,SNP_A-2068414,13861768
2,3010,SNP_A-2022258,13868209
2,3011,SNP_A-2035367,13868926
2,3012,SNP_A-2232929,13869344
2,3013,SNP_A-2096191,13873078
2,3014,SNP_A-4226866,13901753
2,3015,SNP_A-4261745,13901801
2,3016,SNP_A-1962192,13902161
2,3017,SNP_A-2289288,13905981
2,3018,SNP_A-1884801,13906645
2,3019,SNP_A-1962193,13915732
2,3020,SNP_A-2201690,13916996
2,3021,SNP_A-1962194,13937893
2,3022,SNP_A-1962195,13938509
2,3023,SNP_A-1934528,13958075
2,3024,SNP_A-2253165,13958114
2,3025,SNP_A-1942914,13958468
2,3026,SNP_A-2060147,13964040
2,3027,SNP_A-2047835,13976875
2,3028,SNP_A-1817105,13979556
2,3029,SNP_A-4302231,13982610
2,3030,SNP_A-2061446,13982773
2,3031,SNP_A-2139626,13986227
2,3032,SNP_A-1780311,13997836
2,3033,SNP_A-1889279,13999212
2,3034,SNP_A-4282670,13999356
2,3035,SNP_A-1910179,14002922
2,3036,SNP_A-2231738,14008329
2,3037,SNP_A-1962196,14011414
2,3038,SNP_A-4207914,14012242
2,3039,SNP_A-1908674,14014756
2,3040,SNP_A-1912002,14033566
2,3041,SNP_A-1962198,14036945
2,3042,SNP_A-2296095,14037840
2,3043,SNP_A-1962199,14070482
2,3044,SNP_A-1962200,14071015
2,3045,SNP_A-1876118,14077357
2,3046,SNP_A-2028642,14078382
2,3047,SNP_A-2307258,14078418
2,3048,SNP_A-4250516,14078464
2,3049,SNP_A-1802042,14079516
2,3050,SNP_A-2137338,14087875
2,3051,SNP_A-2031830,14093970
2,3052,SNP_A-1900640,14096105
2,3053,SNP_A-2286521,14119079
2,3054,SNP_A-1960395,14119190
2,3055,SNP_A-4239734,14119537
2,3056,SNP_A-4203275,14119696
2,3057,SNP_A-4207915,14121968
2,3058,SNP_A-2120900,14122516
2,3059,SNP_A-4235177,14128816
2,3060,SNP_A-2075030,14128896
2,3061,SNP_A-4206144,14129817
2,3062,SNP_A-1958778,14130253
2,3063,SNP_A-2285619,14131715
2,3064,SNP_A-2185867,14132098
2,3065,SNP_A-2049662,14132136
2,3066,SNP_A-2213859,14132221
2,3067,SNP_A-2046368,14132466
2,3068,SNP_A-4230164,14145421
2,3069,SNP_A-1843880,14152703
2,3070,SNP_A-2025484,14171758
2,3071,SNP_A-2175888,14171842
2,3072,SNP_A-1908492,14188697
2,3073,SNP_A-2264956,14204495
2,3074,SNP_A-1839573,14209050
2,3075,SNP_A-4251007,14212377
2,3076,SNP_A-4242142,14221090
2,3077,SNP_A-4247086,14221167
2,3078,SNP_A-1906522,14222930
2,3079,SNP_A-2073906,14226183
2,3080,SNP_A-1880342,14226297
2,3081,SNP_A-2153144,14226414
2,3082,SNP_A-4230085,14230611
2,3083,SNP_A-2128629,14234365
2,3084,SNP_A-2241565,14234498
2,3085,SNP_A-2064549,14236397
2,3086,SNP_A-2058828,14239179
2,3087,SNP_A-1812437,14243002
2,3088,SNP_A-2211238,14244024
2,3089,SNP_A-1827663,14246577
2,3090,SNP_A-2058509,14249978
2,3091,SNP_A-2181002,14250354
2,3092,SNP_A-4297743,14263242
2,3093,SNP_A-2267896,14271361
2,3094,SNP_A-2089975,14273172
2,3095,SNP_A-1845077,14273320
2,3096,SNP_A-1815153,14277550
2,3097,SNP_A-2118486,14279702
2,3098,SNP_A-1872988,14280048
2,3099,SNP_A-1788045,14280088
2,3100,SNP_A-4227419,14280928
2,3101,SNP_A-4202081,14281114
2,3102,SNP_A-2185085,14281408
2,3103,SNP_A-4226446,14281586
2,3104,SNP_A-4235711,14281662
2,3105,SNP_A-2076171,14286419
2,3106,SNP_A-2080068,14297728
2,3107,SNP_A-2124923,14298705
2,3108,SNP_A-2217207,14299563
2,3109,SNP_A-2063229,14304486
2,3110,SNP_A-1817748,14313376
2,3111,SNP_A-2247493,14315503
2,3112,SNP_A-2289476,14322579
2,3113,SNP_A-4253717,14326662
2,3114,SNP_A-2240755,14328220
2,3115,SNP_A-2199258,14329406
2,3116,SNP_A-1812801,14329961
2,3117,SNP_A-1888942,14334223
2,3118,SNP_A-1962203,14346299
2,3119,SNP_A-4231674,14346915
2,3120,SNP_A-1865554,14350074
2,3121,SNP_A-2021752,14350993
2,3122,SNP_A-2038033,14358448
2,3123,SNP_A-2039840,14358541
2,3124,SNP_A-1832751,14365239
2,3125,SNP_A-2106655,14381272
2,3126,SNP_A-2069456,14405331
2,3127,SNP_A-1841497,14405851
2,3128,SNP_A-2262661,14423400
2,3129,SNP_A-1962204,14426833
2,3130,SNP_A-1911480,14427585
2,3131,SNP_A-2060288,14460557
2,3132,SNP_A-4248020,14464711
2,3133,SNP_A-4284821,14465690
2,3134,SNP_A-1928351,14473025
2,3135,SNP_A-1866754,14475445
2,3136,SNP_A-2070467,14482859
